"Player Details","","","","","","Total","","","Rushing","","","Passing","","","Inside 5","","","Inside 10","","","Inside 20","","","FPTS",""
"Rank","Name","Team","POS","G","Season","Snaps","TM Snaps","Snap %","Snaps","TM Snaps","Snap %","Snaps","TM Snaps","Snap %","Snaps","TM Snaps","Snap %","Snaps","TM Snaps","Snap %","Snaps","TM Snaps","Snap %","FP/G","FP"
"1","Justin Jefferson","MIN","WR","10","2025","552","574","96.2","193","204","94.6","359","370","97.0","16","18","88.9","31","34","91.2","88","91","96.7","14.3","143.1"
"2","Ja'Marr Chase","CIN","WR","10","2025","559","587","95.2","169","184","91.8","390","403","96.8","25","27","92.6","40","42","95.2","79","81","97.5","19.5","194.7"
"3","Cade Otton","TB","TE","10","2025","590","624","94.6","221","243","90.9","369","381","96.9","16","16","100.0","29","30","96.7","75","80","93.8","7.5","75.1"
"4","Tre Tucker","LV","WR","10","2025","530","569","93.1","189","212","89.2","341","357","95.5","7","11","63.6","25","29","86.2","70","79","88.6","12.2","121.8"
"5","DeVonta Smith","PHI","WR","10","2025","538","586","91.8","220","264","83.3","318","322","98.8","18","24","75.0","31","37","83.8","68","76","89.5","13.4","133.5"
"6","Drake London","ATL","WR","9","2025","515","562","91.6","207","239","86.6","308","323","95.4","16","18","88.9","34","38","89.5","68","74","91.9","19.8","178.0"
"7","A.J. Brown","PHI","WR","9","2025","483","529","91.3","200","234","85.5","283","295","95.9","21","24","87.5","31","34","91.2","60","66","90.9","11.3","101.7"
"8","Jordan Addison","MIN","WR","7","2025","381","421","90.5","115","134","85.8","266","287","92.7","10","14","71.4","22","27","81.5","64","69","92.8","12.7","88.8"
"9","Wan'Dale Robinson","NYG","WR","11","2025","640","708","90.4","256","290","88.3","384","418","91.9","26","34","76.5","50","60","83.3","105","120","87.5","12.1","133.0"
"10","Sam LaPorta","DET","TE","9","2025","499","554","90.1","224","256","87.5","275","298","92.3","21","23","91.3","45","50","90.0","100","107","93.5","11.9","106.9"
"11","Trey McBride","ARZ","TE","10","2025","583","650","89.7","179","215","83.3","404","435","92.9","27","27","100.0","61","64","95.3","112","119","94.1","18.5","184.8"
"12","Rome Odunze","CHI","WR","10","2025","582","649","89.7","238","274","86.9","344","375","91.7","21","26","80.8","41","49","83.7","97","111","87.4","13.5","135.0"
"13","DK Metcalf","PIT","WR","10","2025","492","555","88.6","178","222","80.2","314","333","94.3","21","26","80.8","35","41","85.4","74","86","86.0","12.2","122.1"
"14","Garrett Wilson","NYJ","WR","7","2025","359","405","88.6","134","168","79.8","225","237","94.9","10","11","90.9","22","23","95.7","39","45","86.7","14.2","99.5"
"15","Jameson Williams","DET","WR","10","2025","543","613","88.6","224","276","81.2","319","337","94.7","22","25","88.0","47","54","87.0","99","112","88.4","11.8","118.2"
"16","Tetairoa McMillan","CAR","WR","11","2025","615","695","88.5","244","302","80.8","371","393","94.4","20","24","83.3","43","47","91.5","103","117","88.0","13.9","152.8"
"17","Amon-Ra St. Brown","DET","WR","10","2025","540","613","88.1","223","276","80.8","317","337","94.1","23","25","92.0","48","54","88.9","98","112","87.5","18.8","188.4"
"18","Courtland Sutton","DEN","WR","11","2025","606","691","87.7","214","272","78.7","392","419","93.6","16","26","61.5","32","44","72.7","74","95","77.9","12.4","135.9"
"19","Zay Flowers","BLT","WR","10","2025","489","566","86.4","199","256","77.7","290","310","93.5","24","36","66.7","37","52","71.2","74","101","73.3","13.1","131.4"
"20","Tucker Kraft","GB","TE","8","2025","420","489","85.9","184","215","85.6","236","274","86.1","11","18","61.1","29","39","74.4","79","95","83.2","14.7","117.2"
"21","Theo Johnson","NYG","TE","11","2025","608","708","85.9","242","290","83.4","366","418","87.6","29","34","85.3","55","60","91.7","107","120","89.2","9.2","101.0"
"22","Tee Higgins","CIN","WR","10","2025","503","587","85.7","133","184","72.3","370","403","91.8","20","27","74.1","27","42","64.3","63","81","77.8","13.3","133.4"
"23","Jerry Jeudy","CLV","WR","10","2025","544","636","85.5","173","230","75.2","371","406","91.4","8","21","38.1","21","38","55.3","67","87","77.0","7.3","72.6"
"24","Kyle Pitts","ATL","TE","10","2025","516","611","84.5","179","256","69.9","337","355","94.9","14","18","77.8","30","40","75.0","61","78","78.2","9.6","96.4"
"25","Michael Pittman","IND","WR","10","2025","518","618","83.8","197","254","77.6","321","364","88.2","32","36","88.9","54","63","85.7","100","122","82.0","15.0","150.0"
"26","Josh Reynolds","NYJ","WR","5","2025","257","308","83.4","98","121","81.0","159","187","85.0","5","6","83.3","12","14","85.7","25","30","83.3","4.6","23.1"
"27","Darnell Mooney","ATL","WR","8","2025","395","474","83.3","154","201","76.6","241","273","88.3","7","11","63.6","18","27","66.7","46","58","79.3","4.8","38.4"
"28","Dallas Goedert","PHI","TE","9","2025","440","528","83.3","184","231","79.7","256","297","86.2","20","20","100.0","31","33","93.9","64","70","91.4","12.6","113.6"
"29","Christian McCaffrey","SF","RB","11","2025","585","702","83.3","211","283","74.6","374","419","89.3","22","27","81.5","46","54","85.2","103","119","86.6","25.8","283.9"
"30","George Pickens","DAL","WR","10","2025","537","645","83.3","166","241","68.9","371","404","91.8","29","43","67.4","44","62","71.0","86","117","73.5","19.1","190.8"
"31","Jakobi Meyers","JAX, LV","WR","9","2025","455","547","83.2","176","238","73.9","279","309","90.3","10","18","55.6","30","41","73.2","74","99","74.7","9.6","86.7"
"32","Alec Pierce","IND","WR","8","2025","420","505","83.2","161","208","77.4","259","297","87.2","21","25","84.0","42","47","89.4","89","99","89.9","11.6","92.5"
"33","Jonathan Taylor","IND","RB","10","2025","513","618","83.0","208","254","81.9","305","364","83.8","31","36","86.1","53","63","84.1","104","122","85.2","27.4","273.9"
"34","Chris Olave","NO","WR","10","2025","509","615","82.8","151","229","65.9","358","386","92.7","9","13","69.2","18","28","64.3","63","77","81.8","14.9","149.1"
"35","DJ Moore","CHI","WR","10","2025","537","649","82.7","216","274","78.8","321","375","85.6","17","26","65.4","35","49","71.4","87","111","78.4","9.4","93.9"
"36","Emeka Egbuka","TB","WR","10","2025","514","624","82.4","174","243","71.6","340","381","89.2","13","16","81.3","26","30","86.7","72","80","90.0","15.6","155.6"
"37","Tyler Warren","IND","TE","10","2025","509","618","82.4","189","254","74.4","320","364","87.9","26","36","72.2","49","63","77.8","104","122","85.2","13.6","136.3"
"38","Hunter Henry","NE","TE","11","2025","555","674","82.3","211","272","77.6","344","402","85.6","28","32","87.5","58","64","90.6","101","111","91.0","9.1","100.2"
"39","Darius Slayton","NYG","WR","8","2025","414","503","82.3","160","186","86.0","254","317","80.1","20","24","83.3","39","45","86.7","69","85","81.2","7.0","56.3"
"40","Mason Taylor","NYJ","TE","10","2025","483","592","81.6","184","240","76.7","299","352","84.9","9","14","64.3","26","34","76.5","59","74","79.7","7.0","69.6"
"41","T.J. Hockenson","MIN","TE","10","2025","468","574","81.5","142","204","69.6","326","370","88.1","15","18","83.3","27","34","79.4","76","91","83.5","7.4","74.0"
"42","Elic Ayomanor","TEN","WR","10","2025","466","573","81.3","139","186","74.7","327","387","84.5","5","15","33.3","17","32","53.1","35","55","63.6","7.3","73.4"
"43","Jaylen Waddle","MIA","WR","11","2025","496","613","80.9","198","251","78.9","298","362","82.3","15","18","83.3","40","45","88.9","81","97","83.5","13.8","151.5"
"44","Juwan Johnson","NO","TE","10","2025","497","615","80.8","164","229","71.6","333","386","86.3","11","13","84.6","21","28","75.0","62","77","80.5","10.9","109.1"
"45","Romeo Doubs","GB","WR","10","2025","489","606","80.7","210","261","80.5","279","345","80.9","21","23","91.3","40","46","87.0","93","106","87.7","11.5","114.9"
"46","Ricky Pearsall","SF","WR","5","2025","255","317","80.4","91","126","72.2","164","191","85.9","11","13","84.6","26","31","83.9","50","57","87.7","10.7","53.3"
"47","Quentin Johnston","LAC","WR","10","2025","513","641","80.0","145","225","64.4","368","416","88.5","12","18","66.7","28","40","70.0","72","89","80.9","12.3","122.9"
"48","Brian Thomas","JAX","WR","8","2025","428","535","80.0","145","203","71.4","283","332","85.2","7","16","43.8","26","40","65.0","62","88","70.5","10.7","85.6"
"49","Andrei Iosivas","CIN","WR","10","2025","468","587","79.7","135","184","73.4","333","403","82.6","21","27","77.8","33","42","78.6","65","81","80.2","5.2","51.5"
"50","De'Von Achane","MIA","RB","11","2025","487","613","79.4","191","251","76.1","296","362","81.8","12","18","66.7","28","45","62.2","70","97","72.2","21.4","235.0"
"51","Chris Godwin","TB","WR","2","2025","100","126","79.4","29","44","65.9","71","82","86.6","1","2","50.0","2","3","66.7","14","18","77.8","5.6","11.2"
"52","Jauan Jennings","SF","WR","9","2025","440","557","79.0","170","230","73.9","270","327","82.6","16","19","84.2","32","40","80.0","77","97","79.4","9.9","88.8"
"53","Malik Nabers","NYG","WR","4","2025","203","257","79.0","69","99","69.7","134","158","84.8","8","16","50.0","21","30","70.0","35","49","71.4","14.3","57.1"
"54","Bijan Robinson","ATL","RB","10","2025","481","611","78.7","171","256","66.8","310","355","87.3","13","18","72.2","25","40","62.5","54","78","69.2","21.1","210.9"
"55","Michael Wilson","ARZ","WR","10","2025","509","650","78.3","145","215","67.4","364","435","83.7","13","27","48.1","45","64","70.3","93","119","78.2","8.5","84.6"
"56","Isaiah Hodgins","NYG","WR","1","2025","54","69","78.3","29","38","76.3","25","31","80.6","1","5","20.0","3","8","37.5","8","15","53.3","10.7","10.7"
"57","Saquon Barkley","PHI","RB","10","2025","458","586","78.2","206","264","78.0","252","322","78.3","24","24","100.0","37","37","100.0","69","76","90.8","15.1","150.9"
"58","Marvin Harrison","ARZ","WR","9","2025","451","579","77.9","130","201","64.7","321","378","84.9","13","26","50.0","36","57","63.2","76","105","72.4","12.5","112.5"
"59","Brock Bowers","LV","TE","7","2025","324","417","77.7","88","146","60.3","236","271","87.1","4","5","80.0","17","19","89.5","44","51","86.3","15.0","104.7"
"60","Nico Collins","HST","WR","9","2025","442","571","77.4","137","200","68.5","305","371","82.2","14","26","53.8","24","37","64.9","58","77","75.3","15.4","139.0"
"61","AJ Barner","SEA","TE","10","2025","459","593","77.4","225","302","74.5","234","291","80.4","22","26","84.6","42","49","85.7","80","100","80.0","9.3","92.7"
"62","Ladd McConkey","LAC","WR","11","2025","544","705","77.2","145","250","58.0","399","455","87.7","12","19","63.2","29","44","65.9","84","108","77.8","12.9","142.4"
"63","Travis Kelce","KC","TE","10","2025","488","640","76.3","136","223","61.0","352","417","84.4","24","31","77.4","52","63","82.5","95","120","79.2","13.9","139.1"
"64","Javonte Williams","DAL","RB","10","2025","491","645","76.1","176","241","73.0","315","404","78.0","37","43","86.0","52","62","83.9","88","117","75.2","16.8","168.2"
"65","George Kittle","SF","TE","6","2025","270","359","75.2","112","162","69.1","158","197","80.2","14","15","93.3","20","28","71.4","52","74","70.3","13.6","81.8"
"66","Davante Adams","LA","WR","10","2025","466","623","74.8","157","267","58.8","309","356","86.8","28","37","75.7","54","71","76.1","98","123","79.7","16.0","159.9"
"67","Brenton Strange","JAX","TE","5","2025","235","316","74.4","96","130","73.8","139","186","74.7","3","6","50.0","17","25","68.0","39","55","70.9","8.1","40.4"
"68","Ashton Jeanty","LV","RB","10","2025","420","569","73.8","171","212","80.7","249","357","69.7","10","11","90.9","27","29","93.1","62","79","78.5","14.2","141.7"
"69","Harold Fannin","CLV","TE","10","2025","467","636","73.4","180","230","78.3","287","406","70.7","21","21","100.0","36","38","94.7","76","87","87.4","9.9","98.8"
"70","David Njoku","CLV","TE","9","2025","428","583","73.4","143","200","71.5","285","383","74.4","13","18","72.2","27","35","77.1","58","78","74.4","8.5","76.8"
"71","Deebo Samuel","WAS","WR","10","2025","425","579","73.4","145","242","59.9","280","337","83.1","16","20","80.0","33","40","82.5","66","80","82.5","14.1","141.2"
"72","Xavier Legette","CAR","WR","9","2025","422","575","73.4","157","247","63.6","265","328","80.8","10","17","58.8","23","35","65.7","65","99","65.7","7.6","68.4"
"73","Omarion Hampton","LAC","RB","5","2025","233","318","73.3","79","108","73.1","154","210","73.3","7","10","70.0","14","17","82.4","27","39","69.2","15.4","77.0"
"74","Cooper Kupp","SEA","WR","9","2025","399","545","73.2","172","278","61.9","227","267","85.0","6","21","28.6","23","44","52.3","60","94","63.8","8.1","73.0"
"75","Cedric Tillman","CLV","WR","6","2025","283","389","72.8","91","138","65.9","192","251","76.5","5","13","38.5","11","20","55.0","29","44","65.9","7.5","44.9"
"76","Jaxon Smith-Njigba","SEA","WR","10","2025","431","593","72.7","165","302","54.6","266","291","91.4","9","26","34.6","25","49","51.0","58","100","58.0","21.9","218.9"
"77","CeeDee Lamb","DAL","WR","7","2025","334","466","71.7","101","170","59.4","233","296","78.7","17","30","56.7","27","43","62.8","55","83","66.3","15.4","107.9"
"78","Bucky Irving","TB","RB","4","2025","186","260","71.5","78","101","77.2","108","159","67.9","1","2","50.0","5","8","62.5","18","28","64.3","18.3","73.0"
"79","Terry McLaurin","WAS","WR","4","2025","168","236","71.2","57","89","64.0","111","147","75.5","3","6","50.0","8","11","72.7","20","25","80.0","9.8","39.3"
"80","Kyren Williams","LA","RB","10","2025","443","623","71.1","176","267","65.9","267","356","75.0","24","37","64.9","51","71","71.8","89","123","72.4","16.8","168.2"
"81","Keon Coleman","BUF","WR","9","2025","401","567","70.7","152","250","60.8","249","317","78.5","22","27","81.5","37","43","86.0","71","93","76.3","9.1","82.0"
"82","Christian Watson","GB","WR","4","2025","171","243","70.4","59","97","60.8","112","146","76.7","8","8","100.0","16","20","80.0","27","40","67.5","11.9","47.4"
"83","Dalton Schultz","HST","TE","10","2025","450","646","69.7","108","233","46.4","342","413","82.8","19","26","73.1","27","37","73.0","68","86","79.1","10.6","105.9"
"84","Jalen Nailor","MIN","WR","10","2025","398","574","69.3","127","204","62.3","271","370","73.2","11","18","61.1","24","34","70.6","65","91","71.4","6.7","67.3"
"85","Alvin Kamara","NO","RB","10","2025","426","615","69.3","147","229","64.2","279","386","72.3","10","13","76.9","19","28","67.9","53","77","68.8","9.9","99.2"
"86","Cole Kmet","CHI","TE","9","2025","406","587","69.2","179","253","70.8","227","334","68.0","12","17","70.6","28","38","73.7","69","98","70.4","4.6","41.2"
"87","Puka Nacua","LA","WR","9","2025","385","561","68.6","132","239","55.2","253","322","78.6","14","30","46.7","38","62","61.3","69","109","63.3","21.6","194.3"
"88","Tyreek Hill","MIA","WR","4","2025","146","213","68.5","45","78","57.7","101","135","74.8","4","6","66.7","10","16","62.5","16","29","55.2","13.4","53.5"
"89","Tony Pollard","TEN","RB","10","2025","392","573","68.4","141","186","75.8","251","387","64.9","10","15","66.7","22","32","68.8","36","55","65.5","9.7","96.9"
"90","Kendrick Bourne","SF","WR","10","2025","429","630","68.1","158","250","63.2","271","380","71.3","10","25","40.0","22","45","48.9","55","99","55.6","7.9","79.2"
"91","Jake Ferguson","DAL","TE","10","2025","438","645","67.9","109","241","45.2","329","404","81.4","25","43","58.1","39","62","62.9","70","117","59.8","14.1","141.0"
"92","Rashee Rice","KC","WR","4","2025","178","263","67.7","60","96","62.5","118","167","70.7","14","15","93.3","23","29","79.3","35","49","71.4","19.3","77.1"
"93","Rashid Shaheed","NO, SEA","WR","11","2025","464","686","67.6","125","273","45.8","339","413","82.1","4","13","30.8","14","32","43.8","57","92","62.0","10.3","113.6"
"94","Chase Brown","CIN","RB","10","2025","397","587","67.6","138","184","75.0","259","403","64.3","20","27","74.1","31","42","73.8","62","81","76.5","13.4","133.8"
"95","Rashod Bateman","BLT","WR","9","2025","342","506","67.6","124","227","54.6","218","279","78.1","12","30","40.0","18","43","41.9","48","88","54.5","5.5","49.4"
"96","Travis Hunter","JAX","WR","7","2025","305","458","66.6","80","165","48.5","225","293","76.8","1","6","16.7","15","26","57.7","37","63","58.7","9.1","63.8"
"97","Chig Okonkwo","TEN","TE","10","2025","381","573","66.5","114","186","61.3","267","387","69.0","7","15","46.7","20","32","62.5","31","55","56.4","6.6","65.7"
"98","Troy Franklin","DEN","WR","11","2025","457","691","66.1","119","272","43.8","338","419","80.7","17","26","65.4","27","44","61.4","57","95","60.0","12.1","132.8"
"99","Kayshon Boutte","NE","WR","9","2025","365","553","66.0","134","224","59.8","231","329","70.2","14","25","56.0","35","48","72.9","64","89","71.9","10.7","96.1"
"100","Zach Ertz","WAS","TE","11","2025","424","643","65.9","118","266","44.4","306","377","81.2","12","25","48.0","24","46","52.2","51","88","58.0","9.4","103.7"
"101","Calvin Austin","PIT","WR","8","2025","292","443","65.9","93","176","52.8","199","267","74.5","10","24","41.7","18","37","48.6","37","73","50.7","7.3","58.2"
"102","Mark Andrews","BLT","TE","10","2025","373","566","65.9","149","256","58.2","224","310","72.3","26","36","72.2","36","52","69.2","71","101","70.3","10.0","99.9"
"103","Brandin Cooks","NO","WR","10","2025","404","615","65.7","120","229","52.4","284","386","73.6","3","13","23.1","12","28","42.9","51","77","66.2","3.6","35.5"
"104","Mack Hollins","NE","WR","11","2025","440","674","65.3","208","272","76.5","232","402","57.7","18","32","56.3","41","64","64.1","73","111","65.8","7.4","81.1"
"105","Xavier Worthy","KC","WR","8","2025","333","516","64.5","104","178","58.4","229","338","67.8","17","29","58.6","32","58","55.2","66","106","62.3","8.6","68.4"
"106","Lil'Jordan Humphrey","NYG, DEN","WR","4","2025","159","247","64.4","66","105","62.9","93","142","65.5","5","9","55.6","8","16","50.0","25","42","59.5","2.4","9.5"
"107","Xavier Hutchinson","HST","WR","10","2025","415","646","64.2","134","233","57.5","281","413","68.0","13","26","50.0","21","37","56.8","54","86","62.8","6.9","68.9"
"108","Josh Jacobs","GB","RB","10","2025","389","606","64.2","191","261","73.2","198","345","57.4","21","23","91.3","36","46","78.3","73","106","68.9","18.2","181.5"
"109","Mike Evans","TB","WR","4","2025","162","258","62.8","50","89","56.2","112","169","66.3","2","2","100.0","8","8","100.0","18","29","62.1","8.5","34.0"
"110","Oronde Gadsden","LAC","TE","9","2025","368","588","62.6","101","206","49.0","267","382","69.9","8","15","53.3","27","37","73.0","69","91","75.8","11.0","98.7"
"111","Breece Hall","NYJ","RB","10","2025","368","592","62.2","179","240","74.6","189","352","53.7","11","14","78.6","23","34","67.6","40","74","54.1","14.0","140.0"
"112","Rhamondre Stevenson","NE","RB","8","2025","299","485","61.6","104","196","53.1","195","289","67.5","16","23","69.6","32","45","71.1","50","77","64.9","9.7","77.8"
"113","Jahmyr Gibbs","DET","RB","10","2025","376","613","61.3","156","276","56.5","220","337","65.3","8","25","32.0","23","54","42.6","63","112","56.3","20.4","203.6"
"114","Michael Mayer","LV","TE","8","2025","277","452","61.3","111","159","69.8","166","293","56.7","9","9","100.0","17","20","85.0","40","55","72.7","5.5","43.8"
"115","Jalen Coker","CAR","WR","5","2025","188","308","61.0","67","140","47.9","121","168","72.0","5","8","62.5","12","18","66.7","38","55","69.1","5.0","24.8"
"116","Parker Washington","JAX","WR","10","2025","402","659","61.0","159","271","58.7","243","388","62.6","18","24","75.0","32","55","58.2","70","121","57.9","7.8","77.5"
"117","James Cook","BUF","RB","10","2025","375","620","60.5","202","271","74.5","173","349","49.6","19","30","63.3","28","47","59.6","61","101","60.4","18.4","183.8"
"118","D'Andre Swift","CHI","RB","9","2025","346","573","60.4","149","242","61.6","197","331","59.5","12","21","57.1","23","40","57.5","58","93","62.4","15.2","136.4"
"119","Tommy Tremble","CAR","TE","11","2025","418","695","60.1","218","302","72.2","200","393","50.9","15","24","62.5","26","47","55.3","63","117","53.8","3.9","43.4"
"120","Colston Loveland","CHI","TE","9","2025","351","585","60.0","148","251","59.0","203","334","60.8","19","25","76.0","29","46","63.0","56","94","59.6","7.7","68.9"
"121","Isaiah Likely","BLT","TE","7","2025","243","409","59.4","106","192","55.2","137","217","63.1","12","24","50.0","21","37","56.8","43","78","55.1","3.4","23.8"
"122","Darnell Washington","PIT","TE","10","2025","329","555","59.3","165","222","74.3","164","333","49.2","21","26","80.8","32","41","78.0","65","86","75.6","4.7","46.9"
"123","Khalil Shakir","BUF","WR","10","2025","366","620","59.0","101","271","37.3","265","349","75.9","12","30","40.0","22","47","46.8","53","101","52.5","11.0","109.9"
"124","Jonnu Smith","PIT","TE","10","2025","327","555","58.9","111","222","50.0","216","333","64.9","16","26","61.5","23","41","56.1","43","86","50.0","5.5","55.3"
"125","Travis Etienne","JAX","RB","10","2025","387","659","58.7","185","271","68.3","202","388","52.1","16","24","66.7","38","55","69.1","71","121","58.7","14.3","142.9"
"126","Sterling Shepard","TB","WR","10","2025","366","624","58.7","77","243","31.7","289","381","75.9","4","16","25.0","10","30","33.3","47","80","58.8","7.6","75.8"
"127","Calvin Ridley","TEN","WR","7","2025","239","411","58.2","80","132","60.6","159","279","57.0","5","10","50.0","13","22","59.1","22","38","57.9","6.8","47.3"
"128","Chris Moore","WAS","WR","10","2025","336","578","58.1","131","253","51.8","205","325","63.1","13","25","52.0","20","44","45.5","37","83","44.6","3.6","36.1"
"129","Kimani Vidal","LAC","RB","8","2025","294","508","57.9","103","179","57.5","191","329","58.1","10","13","76.9","22","32","68.8","55","79","69.6","9.6","76.9"
"130","Julian Hill","MIA","TE","8","2025","247","433","57.0","126","163","77.3","121","270","44.8","11","17","64.7","26","37","70.3","47","70","67.1","2.8","22.1"
"131","Matthew Golden","GB","WR","9","2025","308","540","57.0","110","237","46.4","198","303","65.3","9","23","39.1","21","45","46.7","51","104","49.0","6.3","57.1"
"132","Noah Gray","KC","TE","10","2025","364","640","56.9","161","223","72.2","203","417","48.7","22","31","71.0","38","63","60.3","74","120","61.7","2.4","23.7"
"133","Isiah Pacheco","KC","RB","8","2025","296","521","56.8","99","191","51.8","197","330","59.7","3","23","13.0","18","53","34.0","42","101","41.6","7.5","60.2"
"134","Stefon Diggs","NE","WR","11","2025","382","674","56.7","100","272","36.8","282","402","70.1","14","32","43.8","35","64","54.7","62","111","55.9","13.0","142.9"
"135","Dawson Knox","BUF","TE","10","2025","351","620","56.6","169","271","62.4","182","349","52.1","20","30","66.7","33","47","70.2","70","101","69.3","3.7","36.8"
"136","Derrick Henry","BLT","RB","10","2025","320","566","56.5","192","256","75.0","128","310","41.3","30","36","83.3","41","52","78.8","63","101","62.4","13.9","139.1"
"137","Malik Washington","MIA","WR","11","2025","346","613","56.4","108","251","43.0","238","362","65.7","7","18","38.9","20","45","44.4","58","97","59.8","6.8","75.2"
"138","Austin Hooper","NE","TE","10","2025","344","612","56.2","188","247","76.1","156","365","42.7","25","32","78.1","34","57","59.6","55","100","55.0","3.6","36.4"
"139","Keenan Allen","LAC","WR","11","2025","394","705","55.9","74","250","29.6","320","455","70.3","8","19","42.1","22","44","50.0","62","108","57.4","12.7","139.2"
"140","Dontayvion Wicks","GB","WR","8","2025","268","480","55.8","110","210","52.4","158","270","58.5","10","20","50.0","15","33","45.5","39","77","50.6","4.5","36.1"
"141","Josh Downs","IND","WR","9","2025","311","560","55.5","100","232","43.1","211","328","64.3","8","34","23.5","22","58","37.9","54","110","49.1","9.5","85.6"
"142","JuJu Smith-Schuster","KC","WR","10","2025","354","640","55.3","115","223","51.6","239","417","57.3","22","31","71.0","41","63","65.1","82","120","68.3","6.0","60.1"
"143","Jayden Higgins","HST","WR","10","2025","357","646","55.3","147","233","63.1","210","413","50.8","16","26","61.5","20","37","54.1","45","86","52.3","6.7","66.6"
"144","Rachaad White","TB","RB","10","2025","344","624","55.1","113","243","46.5","231","381","60.6","9","16","56.3","15","30","50.0","50","80","62.5","10.4","104.0"
"145","Tez Johnson","TB","WR","9","2025","304","552","55.1","99","216","45.8","205","336","61.0","4","15","26.7","8","28","28.6","31","70","44.3","7.8","70.6"
"146","Jaylen Warren","PIT","RB","9","2025","276","502","55.0","130","194","67.0","146","308","47.4","18","23","78.3","22","35","62.9","45","70","64.3","13.2","118.5"
"147","Rico Dowdle","CAR","RB","11","2025","382","695","55.0","185","302","61.3","197","393","50.1","13","24","54.2","24","47","51.1","61","117","52.1","14.7","162.0"
"148","Aaron Jones","MIN","RB","6","2025","173","316","54.7","57","116","49.1","116","200","58.0","3","8","37.5","8","16","50.0","15","41","36.6","10.3","61.8"
"149","Brock Wright","DET","TE","10","2025","334","613","54.5","198","276","71.7","136","337","40.4","17","25","68.0","34","54","63.0","60","112","53.6","3.1","30.9"
"150","Tyler Higbee","LA","TE","9","2025","303","559","54.2","126","251","50.2","177","308","57.5","28","35","80.0","51","66","77.3","73","110","66.4","5.7","51.0"
"151","Christian Kirk","HST","WR","6","2025","215","399","53.9","59","146","40.4","156","253","61.7","5","16","31.3","11","26","42.3","31","55","56.4","5.1","30.4"
"152","Dont'e Thornton","LV","WR","9","2025","274","509","53.8","88","195","45.1","186","314","59.2","1","8","12.5","6","23","26.1","29","68","42.6","1.8","15.8"
"153","Jalen Tolbert","DAL","WR","10","2025","346","645","53.6","128","241","53.1","218","404","54.0","18","43","41.9","29","62","46.8","58","117","49.6","3.9","39.2"
"154","Cam Skattebo","NYG","RB","8","2025","275","513","53.6","124","208","59.6","151","305","49.5","16","24","66.7","29","42","69.0","59","88","67.0","16.1","128.7"
"155","Marquise Brown","KC","WR","10","2025","343","640","53.6","83","223","37.2","260","417","62.4","8","31","25.8","28","63","44.4","52","120","43.3","10.5","104.9"
"156","Jahan Dotson","PHI","WR","10","2025","314","586","53.6","84","264","31.8","230","322","71.4","5","24","20.8","14","37","37.8","44","76","57.9","3.5","35.4"
"157","Jordan Whittington","LA","WR","10","2025","333","623","53.5","151","267","56.6","182","356","51.1","19","37","51.4","41","71","57.7","75","123","61.0","2.7","27.2"
"158","Olamide Zaccheaus","CHI","WR","10","2025","346","649","53.3","123","274","44.9","223","375","59.5","10","26","38.5","23","49","46.9","59","111","53.2","6.5","65.3"
"159","Adam Trautman","DEN","TE","11","2025","367","691","53.1","206","272","75.7","161","419","38.4","21","26","80.8","28","44","63.6","59","95","62.1","2.4","26.3"
"160","Van Jefferson","TEN","WR","10","2025","304","573","53.1","89","186","47.8","215","387","55.6","5","15","33.3","12","32","37.5","28","55","50.9","4.2","41.9"
"161","Ray-Ray McCloud","NYG, ATL","WR","6","2025","206","390","52.8","69","164","42.1","137","226","60.6","8","15","53.3","18","29","62.1","29","53","54.7","2.3","13.9"
"162","Jordan Mason","MIN","RB","10","2025","303","574","52.8","122","204","59.8","181","370","48.9","13","18","72.2","23","34","67.6","66","91","72.5","9.4","94.3"
"163","Isaiah Bond","CLV","WR","9","2025","294","566","51.9","82","203","40.4","212","363","58.4","4","21","19.0","10","37","27.0","28","82","34.1","2.8","25.0"
"164","Dyami Brown","JAX","WR","9","2025","309","596","51.8","112","240","46.7","197","356","55.3","5","23","21.7","23","52","44.2","53","116","45.7","5.5","49.5"
"165","Nick Westbrook-Ikhine","MIA","WR","11","2025","316","613","51.5","124","251","49.4","192","362","53.0","7","18","38.9","16","45","35.6","46","97","47.4","1.8","19.9"
"166","Austin Ekeler","WAS","RB","2","2025","67","130","51.5","17","41","41.5","50","89","56.2","0","1","0.0","0","5","0.0","3","14","21.4","6.6","13.1"
"167","Ja'Tavion Sanders","CAR","TE","8","2025","257","501","51.3","92","207","44.4","165","294","56.1","8","18","44.4","19","34","55.9","56","90","62.2","5.1","41.0"
"168","Arian Smith","NYJ","WR","10","2025","303","592","51.2","96","240","40.0","207","352","58.8","2","14","14.3","9","34","26.5","30","74","40.5","1.1","11.0"
"169","J.K. Dobbins","DEN","RB","10","2025","322","630","51.1","179","252","71.0","143","378","37.8","17","24","70.8","23","39","59.0","47","81","58.0","11.6","115.9"
"170","Justin Watson","HST","WR","2","2025","52","103","50.5","20","39","51.3","32","64","50.0","1","3","33.3","1","4","25.0","5","11","45.5","3.0","6.0"
"171","Chimere Dike","TEN","WR","10","2025","287","573","50.1","95","186","51.1","192","387","49.6","6","15","40.0","19","32","59.4","32","55","58.2","5.2","51.5"
"172","Hunter Renfrow","CAR","WR","6","2025","193","387","49.9","44","162","27.2","149","225","66.2","7","16","43.8","15","29","51.7","35","62","56.5","6.0","35.9"
"173","Quinshon Judkins","CLV","RB","9","2025","280","565","49.6","166","207","80.2","114","358","31.8","13","16","81.3","22","32","68.8","40","75","53.3","12.6","113.0"
"174","Zach Charbonnet","SEA","RB","9","2025","266","539","49.4","124","269","46.1","142","270","52.6","17","24","70.8","30","47","63.8","52","90","57.8","9.6","86.7"
"175","Woody Marks","HST","RB","10","2025","318","646","49.2","111","233","47.6","207","413","50.1","20","26","76.9","30","37","81.1","59","86","68.6","9.4","93.8"
"176","Gunnar Helm","TEN","TE","10","2025","282","573","49.2","111","186","59.7","171","387","44.2","12","15","80.0","20","32","62.5","35","55","63.6","5.2","51.6"
"177","Tyler Johnson","NYJ","WR","9","2025","263","535","49.2","109","218","50.0","154","317","48.6","6","14","42.9","14","32","43.8","38","70","54.3","3.9","34.7"
"178","Trey Benson","ARZ","RB","4","2025","116","237","48.9","38","80","47.5","78","157","49.7","2","10","20.0","4","18","22.2","11","31","35.5","8.9","35.4"
"179","Chuba Hubbard","CAR","RB","9","2025","276","566","48.8","101","234","43.2","175","332","52.7","8","20","40.0","17","39","43.6","44","95","46.3","9.0","81.0"
"180","Zay Jones","ARZ","WR","8","2025","251","515","48.7","78","188","41.5","173","327","52.9","6","26","23.1","19","54","35.2","37","98","37.8","3.8","30.3"
"181","John Bates","WAS","TE","9","2025","260","538","48.3","148","214","69.2","112","324","34.6","14","19","73.7","27","36","75.0","44","75","58.7","1.4","12.2"
"182","Drew Sample","CIN","TE","10","2025","283","587","48.2","129","184","70.1","154","403","38.2","14","27","51.9","25","42","59.5","41","81","50.6","1.3","13.4"
"183","James Conner","ARZ","RB","3","2025","83","173","48.0","36","67","53.7","47","106","44.3","8","10","80.0","9","15","60.0","13","24","54.2","11.1","33.3"
"184","Charlie Woerner","ATL","TE","10","2025","290","611","47.5","177","256","69.1","113","355","31.8","9","18","50.0","19","40","47.5","39","78","50.0","0.3","2.9"
"185","Pat Freiermuth","PIT","TE","10","2025","263","555","47.4","89","222","40.1","174","333","52.3","15","26","57.7","24","41","58.5","46","86","53.5","6.9","68.9"
"186","Grant Calcaterra","PHI","TE","8","2025","227","481","47.2","140","223","62.8","87","258","33.7","11","17","64.7","17","30","56.7","25","61","41.0","1.0","8.0"
"187","Tyrone Tracy","NYG","RB","9","2025","268","569","47.1","98","227","43.2","170","342","49.7","4","26","15.4","9","49","18.4","24","94","25.5","7.9","71.4"
"188","Colby Parkinson","LA","TE","8","2025","240","513","46.8","125","220","56.8","115","293","39.2","18","29","62.1","30","52","57.7","48","94","51.1","4.8","38.3"
"189","Tory Horton","SEA","WR","8","2025","211","455","46.4","73","222","32.9","138","233","59.2","4","22","18.2","10","38","26.3","25","74","33.8","7.4","59.1"
"190","Allen Lazard","NYJ","WR","6","2025","171","370","46.2","55","121","45.5","116","249","46.6","6","9","66.7","15","24","62.5","31","49","63.3","2.9","17.5"
"191","Albert Okwuegbunam","LV","TE","1","2025","30","65","46.2","6","24","25.0","24","41","58.5","0","2","0.0","0","3","0.0","9","15","60.0","8.6","8.6"
"192","Treylon Burks","WAS","WR","2","2025","52","113","46.0","25","52","48.1","27","61","44.3","4","7","57.1","4","11","36.4","10","21","47.6","5.6","11.2"
"193","TreVeyon Henderson","NE","RB","11","2025","310","674","46.0","114","272","41.9","196","402","48.8","8","32","25.0","22","64","34.4","43","111","38.7","11.5","126.7"
"194","Tyjae Spears","TEN","RB","6","2025","157","343","45.8","35","106","33.0","122","237","51.5","3","9","33.3","8","18","44.4","16","33","48.5","8.7","52.2"
"195","Kenneth Gainwell","PIT","RB","10","2025","252","555","45.4","72","222","32.4","180","333","54.1","9","26","34.6","19","41","46.3","34","86","39.5","11.0","109.8"
"196","Demarcus Robinson","SF","WR","8","2025","227","500","45.4","77","205","37.6","150","295","50.8","4","21","19.0","9","38","23.7","30","83","36.1","3.7","29.5"
"197","Daniel Bellinger","NYG","TE","10","2025","296","652","45.4","150","273","54.9","146","379","38.5","15","33","45.5","19","55","34.5","42","114","36.8","3.8","38.2"
"198","Jared Wayne","HST","WR","1","2025","34","75","45.3","19","33","57.6","15","42","35.7","0","0","0.0","0","0","0.0","5","9","55.6","4.0","4.0"
"199","Darren Waller","MIA","TE","4","2025","100","222","45.0","25","83","30.1","75","139","54.0","4","6","66.7","9","14","64.3","19","35","54.3","11.4","45.7"
"200","Davis Allen","LA","TE","10","2025","278","623","44.6","170","267","63.7","108","356","30.3","26","37","70.3","40","71","56.3","64","123","52.0","4.1","41.4"
"201","Tyler Lockett","TEN, LV","WR","10","2025","259","581","44.6","56","179","31.3","203","402","50.5","1","13","7.7","6","29","20.7","18","60","30.0","3.3","32.7"
"202","Kalif Raymond","DET","WR","10","2025","273","613","44.5","114","276","41.3","159","337","47.2","9","25","36.0","22","54","40.7","52","112","46.4","2.6","26.2"
"203","Cody White","SEA","WR","4","2025","105","236","44.5","79","129","61.2","26","107","24.3","6","11","54.5","12","21","57.1","24","40","60.0","3.3","13.0"
"204","Kenneth Walker","SEA","RB","10","2025","263","593","44.4","145","302","48.0","118","291","40.5","9","26","34.6","18","49","36.7","39","100","39.0","11.1","111.3"
"205","Charlie Kolar","BLT","TE","10","2025","250","566","44.2","158","256","61.7","92","310","29.7","25","36","69.4","33","52","63.5","54","101","53.5","2.8","27.8"
"206","Noah Fant","CIN","TE","9","2025","240","544","44.1","75","170","44.1","165","374","44.1","8","27","29.6","12","41","29.3","26","78","33.3","8.0","71.6"
"207","Evan Engram","DEN","TE","10","2025","283","643","44.0","49","256","19.1","234","387","60.5","8","25","32.0","16","42","38.1","36","91","39.6","6.5","64.7"
"208","Jake Tonges","SF","TE","11","2025","306","702","43.6","98","283","34.6","208","419","49.6","12","27","44.4","20","54","37.0","44","119","37.0","6.6","72.6"
"209","Kyle Juszczyk","SF","FB","11","2025","303","702","43.2","157","283","55.5","146","419","34.8","17","27","63.0","30","54","55.6","54","119","45.4","3.6","39.7"
"210","Kareem Hunt","KC","RB","10","2025","275","640","43.0","103","223","46.2","172","417","41.2","26","31","83.9","39","63","61.9","62","120","51.7","9.4","93.9"
"211","Jackson Hawes","BUF","TE","10","2025","266","620","42.9","191","271","70.5","75","349","21.5","16","30","53.3","19","47","40.4","35","101","34.7","3.1","31.3"
"212","Pat Bryant","DEN","WR","11","2025","296","691","42.8","113","272","41.5","183","419","43.7","8","26","30.8","21","44","47.7","37","95","38.9","4.0","44.1"
"213","Greg Dulcich","MIA","TE","4","2025","100","234","42.7","36","119","30.3","64","115","55.7","4","8","50.0","10","21","47.6","16","46","34.8","4.2","16.9"
"214","Elijah Arroyo","SEA","TE","10","2025","253","593","42.7","116","302","38.4","137","291","47.1","17","26","65.4","29","49","59.2","46","100","46.0","3.6","36.4"
"215","Josh Palmer","BUF","WR","7","2025","183","431","42.5","56","183","30.6","127","248","51.2","2","19","10.5","8","33","24.2","27","80","33.8","5.9","41.1"
"216","Noah Brown","WAS","WR","2","2025","55","130","42.3","14","41","34.1","41","89","46.1","1","1","100.0","1","5","20.0","3","14","21.4","3.3","6.6"
"217","Hunter Long","JAX","TE","8","2025","226","535","42.2","85","203","41.9","141","332","42.5","13","16","81.3","21","40","52.5","39","88","44.3","4.1","32.5"
"218","Jacory Croskey-Merritt","WAS","RB","11","2025","270","643","42.0","140","266","52.6","130","377","34.5","10","25","40.0","17","46","37.0","30","88","34.1","8.0","87.6"
"219","Mo Alie-Cox","IND","TE","10","2025","259","618","41.9","136","254","53.5","123","364","33.8","18","36","50.0","29","63","46.0","53","122","43.4","0.9","9.0"
"220","Tre Harris","LAC","WR","11","2025","292","705","41.4","134","250","53.6","158","455","34.7","7","19","36.8","18","44","40.9","42","108","38.9","3.2","35.7"
"221","David Montgomery","DET","RB","10","2025","252","613","41.1","118","276","42.8","134","337","39.8","17","25","68.0","32","54","59.3","51","112","45.5","11.1","111.0"
"222","Tyquan Thornton","KC","WR","10","2025","263","640","41.1","68","223","30.5","195","417","46.8","8","31","25.8","17","63","27.0","34","120","28.3","7.0","70.2"
"223","Jeremy Ruckert","NYJ","TE","10","2025","243","592","41.0","130","240","54.2","113","352","32.1","12","14","85.7","21","34","61.8","35","74","47.3","3.2","31.9"
"224","Dalton Kincaid","BUF","TE","8","2025","210","513","40.9","58","230","25.2","152","283","53.7","5","27","18.5","10","43","23.3","35","89","39.3","12.2","97.8"
"225","Jaylin Lane","WAS","WR","11","2025","263","643","40.9","91","266","34.2","172","377","45.6","7","25","28.0","13","46","28.3","28","88","31.8","3.6","39.2"
"226","Ryan Flournoy","DAL","WR","9","2025","238","589","40.4","103","220","46.8","135","369","36.6","15","41","36.6","21","60","35.0","40","111","36.0","5.7","51.5"
"227","David Sills","ATL","WR","10","2025","246","611","40.3","86","256","33.6","160","355","45.1","3","18","16.7","18","40","45.0","30","78","38.5","0.7","7.4"
"228","Luke Farrell","SF","TE","11","2025","282","702","40.2","160","283","56.5","122","419","29.1","14","27","51.9","31","54","57.4","52","119","43.7","2.7","29.2"
"229","Curtis Samuel","BUF","WR","6","2025","144","360","40.0","54","160","33.8","90","200","45.0","6","18","33.3","11","28","39.3","18","49","36.7","3.5","21.1"
"230","Casey Washington","ATL","WR","7","2025","171","428","40.0","70","182","38.5","101","246","41.1","6","15","40.0","12","29","41.4","18","51","35.3","2.2","15.4"
"231","Gabe Davis","BUF","WR","1","2025","21","53","39.6","7","21","33.3","14","32","43.8","1","3","33.3","1","4","25.0","3","8","37.5","7.0","7.0"
"232","Marvin Mims","DEN","WR","9","2025","226","573","39.4","56","223","25.1","170","350","48.6","2","25","8.0","8","42","19.0","27","87","31.0","7.0","63.0"
"233","Kyle Monangai","CHI","RB","10","2025","254","649","39.1","106","274","38.7","148","375","39.5","14","26","53.8","26","49","53.1","48","111","43.2","7.9","79.0"
"234","Marquez Valdes-Scantling","SF","WR","5","2025","136","352","38.6","51","131","38.9","85","221","38.5","3","12","25.0","9","27","33.3","21","55","38.2","1.6","8.0"
"235","Justice Hill","BLT","RB","9","2025","193","506","38.1","42","227","18.5","151","279","54.1","4","30","13.3","7","43","16.3","26","88","29.5","7.2","65.2"
"236","Johnny Mundt","JAX","TE","10","2025","251","659","38.1","134","271","49.4","117","388","30.2","10","24","41.7","18","55","32.7","50","121","41.3","1.5","15.3"
"237","KaVontae Turpin","DAL","WR","8","2025","201","533","37.7","56","196","28.6","145","337","43.0","11","37","29.7","14","51","27.5","30","94","31.9","5.4","43.0"
"238","Tutu Atwell","LA","WR","6","2025","142","378","37.6","26","150","17.3","116","228","50.9","0","20","0.0","3","38","7.9","13","68","19.1","4.4","26.4"
"239","Russell Gage","SF","WR","1","2025","27","72","37.5","8","33","24.2","19","39","48.7","2","2","100.0","7","9","77.8","16","20","80.0","","0.0"
"240","Luke Musgrave","GB","TE","10","2025","227","606","37.5","99","261","37.9","128","345","37.1","6","23","26.1","17","46","37.0","37","106","34.9","2.4","24.0"
"241","Robbie Chosen","WAS","WR","3","2025","67","179","37.4","24","81","29.6","43","98","43.9","4","14","28.6","7","21","33.3","11","32","34.4","3.4","10.3"
"242","Cade Stover","HST","TE","2","2025","46","125","36.8","24","44","54.5","22","81","27.2","0","3","0.0","0","6","0.0","2","12","16.7","3.1","6.2"
"243","Mike Gesicki","CIN","TE","6","2025","121","329","36.8","27","102","26.5","94","227","41.4","6","18","33.3","6","20","30.0","15","39","38.5","2.4","14.1"
"244","Devaughn Vele","NO","WR","9","2025","200","545","36.7","81","204","39.7","119","341","34.9","7","13","53.8","10","27","37.0","24","71","33.8","1.9","17.4"
"245","Alec Ingold","MIA","FB","11","2025","224","613","36.5","120","251","47.8","104","362","28.7","10","18","55.6","22","45","48.9","36","97","37.1","0.9","9.5"
"246","Patrick Ricard","BLT","FB","4","2025","88","241","36.5","61","125","48.8","27","116","23.3","9","18","50.0","14","28","50.0","27","56","48.2","0.1","0.3"
"247","Tip Reiman","ARZ","TE","4","2025","92","253","36.4","48","88","54.5","44","165","26.7","6","8","75.0","8","16","50.0","15","29","51.7","1.2","4.8"
"248","Nick Chubb","HST","RB","10","2025","234","646","36.2","105","233","45.1","129","413","31.2","4","26","15.4","5","37","13.5","16","86","18.6","7.1","70.8"
"249","Nate Adkins","DEN","TE","6","2025","139","388","35.8","79","154","51.3","60","234","25.6","8","17","47.1","11","29","37.9","24","58","41.4","2.8","16.8"
"250","Foster Moreau","NO","TE","6","2025","123","344","35.8","79","127","62.2","44","217","20.3","5","5","100.0","11","14","78.6","16","38","42.1","0.9","5.5"
"251","Luke Schoonmaker","DAL","TE","10","2025","229","645","35.5","119","241","49.4","110","404","27.2","21","43","48.8","28","62","45.2","56","117","47.9","1.4","14.3"
"252","Roman Wilson","PIT","WR","10","2025","196","555","35.3","66","222","29.7","130","333","39.0","3","26","11.5","5","41","12.2","19","86","22.1","4.0","39.6"
"253","Jamari Thrash","CLV","WR","9","2025","204","582","35.1","68","209","32.5","136","373","36.5","3","20","15.0","8","35","22.9","29","81","35.8","2.3","20.7"
"254","Mitchell Evans","CAR","TE","11","2025","242","695","34.8","143","302","47.4","99","393","25.2","12","24","50.0","18","47","38.3","37","117","31.6","3.2","34.8"
"255","Tanner Conner","MIA","TE","9","2025","175","506","34.6","53","188","28.2","122","318","38.4","3","11","27.3","11","30","36.7","29","74","39.2","2.0","18.1"
"256","Josh Oliver","MIN","TE","8","2025","157","454","34.6","90","162","55.6","67","292","22.9","8","12","66.7","13","22","59.1","30","70","42.9","3.0","23.8"
"257","Tyrell Shavers","BUF","WR","10","2025","214","620","34.5","100","271","36.9","114","349","32.7","17","30","56.7","22","47","46.8","38","101","37.6","3.4","34.2"
"258","Eric Saubert","SEA","TE","7","2025","140","407","34.4","100","198","50.5","40","209","19.1","5","17","29.4","8","33","24.2","25","68","36.8","0.3","2.2"
"259","Jerome Ford","CLV","RB","10","2025","218","636","34.3","25","230","10.9","193","406","47.5","6","21","28.6","11","38","28.9","29","87","33.3","3.6","36.2"
"260","Will Dissly","LAC","TE","4","2025","87","255","34.1","41","82","50.0","46","173","26.6","1","6","16.7","7","19","36.8","19","53","35.8","2.1","8.3"
"261","Jalin Hyatt","NYG","WR","7","2025","157","461","34.1","50","207","24.2","107","254","42.1","3","20","15.0","6","36","16.7","20","75","26.7","1.2","8.5"
"262","Tucker Fisk","LAC","TE","9","2025","198","588","33.7","128","206","62.1","70","382","18.3","11","15","73.3","19","37","51.4","30","91","33.0","0.4","3.9"
"263","Elijah Higgins","ARZ","TE","10","2025","218","650","33.5","94","215","43.7","124","435","28.5","11","27","40.7","24","64","37.5","38","119","31.9","3.1","31.2"
"264","Michael Carter","ARZ","RB","6","2025","138","412","33.5","41","120","34.2","97","292","33.2","2","14","14.3","11","43","25.6","26","83","31.3","6.8","40.6"
"265","DeAndre Hopkins","BLT","WR","10","2025","189","566","33.4","66","256","25.8","123","310","39.7","8","36","22.2","12","52","23.1","26","101","25.7","4.7","46.9"
"266","Malik Heath","GB","WR","9","2025","184","555","33.2","93","239","38.9","91","316","28.8","6","18","33.3","11","40","27.5","34","97","35.1","1.6","14.6"
"267","Bam Knight","ARZ","RB","8","2025","174","525","33.1","64","167","38.3","110","358","30.7","13","22","59.1","25","54","46.3","42","105","40.0","7.1","56.7"
"268","Robbie Ouzts","SEA","FB","6","2025","114","354","32.2","84","191","44.0","30","163","18.4","8","13","61.5","12","26","46.2","22","59","37.3","","0.0"
"269","RJ Harvey","DEN","RB","11","2025","222","691","32.1","76","272","27.9","146","419","34.8","9","26","34.6","18","44","40.9","37","95","38.9","9.8","107.9"
"270","Greg Dortch","ARZ","WR","10","2025","208","650","32.0","46","215","21.4","162","435","37.2","4","27","14.8","20","64","31.3","51","119","42.9","5.5","54.9"
"271","Samaje Perine","CIN","RB","9","2025","167","524","31.9","37","162","22.8","130","362","35.9","6","27","22.2","10","42","23.8","18","77","23.4","3.9","34.8"
"272","Payne Durham","TB","TE","10","2025","198","624","31.7","144","243","59.3","54","381","14.2","12","16","75.0","19","30","63.3","29","80","36.3","","0.0"
"273","Kevin Austin","NO","WR","1","2025","22","70","31.4","13","25","52.0","9","45","20.0","0","0","0.0","0","1","0.0","0","6","0.0","","0.0"
"274","Brycen Tremayne","CAR","WR","10","2025","201","645","31.2","104","279","37.3","97","366","26.5","7","23","30.4","11","46","23.9","32","113","28.3","2.5","25.3"
"275","Isaiah Davis","NYJ","RB","10","2025","181","592","30.6","38","240","15.8","143","352","40.6","0","14","0.0","3","34","8.8","20","74","27.0","4.2","41.8"
"276","Ian Thomas","LV","TE","10","2025","173","569","30.4","105","212","49.5","68","357","19.0","8","11","72.7","16","29","55.2","27","79","34.2","1.1","11.3"
"277","Adam Thielen","MIN","WR","10","2025","174","574","30.3","52","204","25.5","122","370","33.0","2","18","11.1","6","34","17.6","23","91","25.3","1.7","16.9"
"278","Luke McCaffrey","WAS","WR","9","2025","160","528","30.3","55","209","26.3","105","319","32.9","4","16","25.0","10","31","32.3","19","64","29.7","5.7","51.3"
"279","David Moore","CAR","WR","4","2025","77","258","29.8","38","94","40.4","39","164","23.8","4","12","33.3","6","21","28.6","13","40","32.5","0.7","2.7"
"280","Elijah Moore","BUF","WR","8","2025","151","506","29.8","68","228","29.8","83","278","29.9","3","25","12.0","8","37","21.6","20","80","25.0","3.5","27.9"
"281","Scott Matlock","LAC","FB","10","2025","191","641","29.8","120","225","53.3","71","416","17.1","10","18","55.6","15","40","37.5","25","89","28.1","0.8","8.3"
"282","Luther Burden","CHI","WR","9","2025","170","573","29.7","67","242","27.7","103","331","31.1","7","21","33.3","12","40","30.0","28","93","30.1","5.6","50.5"
"283","Ben Sinnott","WAS","TE","10","2025","170","579","29.4","119","234","50.9","51","345","14.8","8","20","40.0","14","38","36.8","25","75","33.3","1.2","12.3"
"284","DeMario Douglas","NE","WR","11","2025","194","674","28.8","29","272","10.7","165","402","41.0","5","32","15.6","12","64","18.8","22","111","19.8","6.8","74.4"
"285","Tim Patrick","JAX","WR","9","2025","167","582","28.7","87","233","37.3","80","349","22.9","9","14","64.3","20","41","48.8","42","96","43.8","3.0","27.3"
"286","Jaylin Noel","HST","WR","10","2025","185","646","28.6","52","233","22.3","133","413","32.2","6","26","23.1","9","37","24.3","19","86","22.1","4.6","46.3"
"287","Lucas Krull","DEN","TE","3","2025","49","172","28.5","18","65","27.7","31","107","29.0","2","7","28.6","4","10","40.0","5","19","26.3","1.2","3.5"
"288","Kyle Williams","NE","WR","11","2025","191","674","28.3","74","272","27.2","117","402","29.1","3","32","9.4","10","64","15.6","21","111","18.9","1.6","18.0"
"289","Ty Johnson","BUF","RB","10","2025","175","620","28.2","31","271","11.4","144","349","41.3","4","30","13.3","9","47","19.1","28","101","27.7","4.0","39.9"
"290","Cedrick Wilson","MIA","WR","4","2025","66","234","28.2","41","119","34.5","25","115","21.7","2","8","25.0","6","21","28.6","16","46","34.8","0.7","2.9"
"291","Tyler Allgeier","ATL","RB","10","2025","172","611","28.2","93","256","36.3","79","355","22.3","7","18","38.9","17","40","42.5","33","78","42.3","8.0","79.6"
"292","Jeremy McNichols","WAS","RB","11","2025","181","643","28.1","39","266","14.7","142","377","37.7","4","25","16.0","8","46","17.4","23","88","26.1","4.9","54.0"
"293","John FitzPatrick","GB","TE","10","2025","169","606","27.9","93","261","35.6","76","345","22.0","17","23","73.9","26","46","56.5","36","106","34.0","1.5","14.9"
"294","Emanuel Wilson","GB","RB","10","2025","168","606","27.7","61","261","23.4","107","345","31.0","2","23","8.7","9","46","19.6","29","106","27.4","4.8","47.9"
"295","Devin Neal","NO","RB","5","2025","82","300","27.3","21","96","21.9","61","204","29.9","2","7","28.6","6","11","54.5","12","32","37.5","2.7","13.4"
"296","Tylan Wallace","BLT","WR","10","2025","153","566","27.0","75","256","29.3","78","310","25.2","10","36","27.8","16","52","30.8","33","101","32.7","1.5","14.5"
"297","Adonai Mitchell","NYJ, IND","WR","9","2025","145","543","26.7","58","218","26.6","87","325","26.8","7","30","23.3","8","54","14.8","17","102","16.7","2.8","25.2"
"298","Xavier Weaver","ARZ","WR","4","2025","72","270","26.7","13","79","16.5","59","191","30.9","0","4","0.0","4","22","18.2","8","44","18.2","0.9","3.5"
"299","Blake Corum","LA","RB","10","2025","166","623","26.6","79","267","29.6","87","356","24.4","13","37","35.1","20","71","28.2","31","123","25.2","4.4","43.7"
"300","Andrew Ogletree","IND","TE","10","2025","163","618","26.4","95","254","37.4","68","364","18.7","11","36","30.6","16","63","25.4","26","122","21.3","","0.0"
"301","Chris Rodriguez","WAS","RB","9","2025","135","513","26.3","77","225","34.2","58","288","20.1","11","24","45.8","21","41","51.2","33","74","44.6","5.3","47.5"
"302","Jack Stoll","NO","TE","9","2025","142","548","25.9","93","193","48.2","49","355","13.8","5","9","55.6","10","21","47.6","16","66","24.2","1.3","11.8"
"303","Tyler Conklin","LAC","TE","8","2025","135","521","25.9","65","198","32.8","70","323","21.7","5","14","35.7","8","29","27.6","18","78","23.1","2.0","15.7"
"304","Terrance Ferguson","LA","TE","7","2025","111","430","25.8","57","186","30.6","54","244","22.1","4","33","12.1","8","59","13.6","16","100","16.0","3.5","24.8"
"305","Harrison Bryant","HST","TE","8","2025","134","521","25.7","74","189","39.2","60","332","18.1","12","23","52.2","13","31","41.9","21","74","28.4","0.3","2.7"
"306","Jack Bech","LV","WR","10","2025","146","569","25.7","61","212","28.8","85","357","23.8","3","11","27.3","5","29","17.2","22","79","27.8","1.7","17.2"
"307","Nick Kallerup","SEA","TE","3","2025","47","186","25.3","40","104","38.5","7","82","8.5","2","9","22.2","4","16","25.0","8","32","25.0","","0.0"
"308","Zaire Mitchell-Paden","BLT, NO","TE","7","2025","99","392","25.3","74","167","44.3","25","225","11.1","15","22","68.2","20","31","64.5","24","56","42.9","0.5","3.7"
"309","Kylen Granson","PHI","TE","10","2025","146","586","24.9","95","264","36.0","51","322","15.8","9","24","37.5","10","37","27.0","19","76","25.0","0.4","4.0"
"310","Durham Smythe","CHI","TE","10","2025","161","649","24.8","99","274","36.1","62","375","16.5","8","26","30.8","16","49","32.7","36","111","32.4","0.2","1.8"
"311","Trent Sherfield","DEN","WR","10","2025","155","630","24.6","91","252","36.1","64","378","16.9","8","24","33.3","11","39","28.2","23","81","28.4","0.5","5.1"
"312","Reggie Gilliam","BUF","FB","10","2025","152","620","24.5","118","271","43.5","34","349","9.7","10","30","33.3","12","47","25.5","26","101","25.7","","0.0"
"313","Kendre Miller","NO","RB","7","2025","107","437","24.5","59","169","34.9","48","268","17.9","1","9","11.1","3","20","15.0","11","58","19.0","4.8","33.3"
"314","Ollie Gordon","MIA","RB","11","2025","148","613","24.1","73","251","29.1","75","362","20.7","8","18","44.4","18","45","40.0","33","97","34.0","3.9","43.4"
"315","Devin Singletary","NYG","RB","11","2025","169","708","23.9","72","290","24.8","97","418","23.2","14","34","41.2","22","60","36.7","37","120","30.8","4.5","49.3"
"316","Zamir White","LV","RB","3","2025","45","189","23.8","13","68","19.1","32","121","26.4","0","1","0.0","0","4","0.0","3","18","16.7","2.5","7.4"
"317","Braelon Allen","NYJ","RB","4","2025","54","229","23.6","28","91","30.8","26","138","18.8","3","9","33.3","8","15","53.3","14","26","53.8","4.1","16.3"
"318","Isaac TeSlaa","DET","WR","10","2025","141","613","23.0","40","276","14.5","101","337","30.0","4","25","16.0","9","54","16.7","21","112","18.8","2.3","22.5"
"319","Brevyn Spann-Ford","DAL","TE","10","2025","148","645","22.9","103","241","42.7","45","404","11.1","21","43","48.8","26","62","41.9","41","117","35.0","0.6","5.8"
"320","Konata Mumpfield","LA","WR","10","2025","142","623","22.8","94","267","35.2","48","356","13.5","7","37","18.9","12","71","16.9","19","123","15.4","0.9","9.2"
"321","Andre Baccellia","ARZ","WR","1","2025","16","71","22.5","2","14","14.3","14","57","24.6","0","1","0.0","1","7","14.3","4","14","28.6","1.5","1.5"
"322","Austin Trammell","JAX","WR","3","2025","45","201","22.4","20","106","18.9","25","95","26.3","4","18","22.2","4","29","13.8","6","58","10.3","2.5","7.6"
"323","Jakob Johnson","HST","FB","4","2025","51","230","22.2","34","76","44.7","17","154","11.0","2","6","33.3","3","11","27.3","5","22","22.7","","0.0"
"324","Raheem Mostert","LV","RB","7","2025","84","380","22.1","25","144","17.4","59","236","25.0","1","10","10.0","2","25","8.0","13","61","21.3","2.8","19.5"
"325","Dylan Sampson","CLV","RB","10","2025","140","636","22.0","42","230","18.3","98","406","24.1","0","21","0.0","3","38","7.9","12","87","13.8","4.7","47.2"
"326","Bhayshul Tuten","JAX","RB","10","2025","145","659","22.0","75","271","27.7","70","388","18.0","8","24","33.3","12","55","21.8","32","121","26.4","6.2","61.9"
"327","LeQuint Allen","JAX","RB","10","2025","145","659","22.0","23","271","8.5","122","388","31.4","0","24","0.0","7","55","12.7","23","121","19.0","1.8","17.9"
"328","Quintin Morris","JAX","TE","6","2025","83","379","21.9","51","163","31.3","32","216","14.8","8","13","61.5","15","35","42.9","28","70","40.0","0.4","2.1"
"329","Emari Demercado","ARZ","RB","9","2025","124","580","21.4","35","191","18.3","89","389","22.9","2","27","7.4","11","58","19.0","21","108","19.4","4.8","43.5"
"330","Bo Melton","GB","WR","2","2025","25","117","21.4","6","46","13.0","19","71","26.8","0","5","0.0","0","7","0.0","1","11","9.1","3.3","6.5"
"331","Josh Whyle","GB","TE","2","2025","25","117","21.4","11","46","23.9","14","71","19.7","1","5","20.0","1","7","14.3","1","11","9.1","3.6","7.2"
"332","Jack Westover","NE","FB","11","2025","144","674","21.4","97","272","35.7","47","402","11.7","12","32","37.5","16","64","25.0","27","111","24.3","","0.0"
"333","Miles Sanders","DAL","RB","4","2025","58","273","21.2","22","93","23.7","36","180","20.0","2","15","13.3","4","22","18.2","13","40","32.5","6.9","27.7"
"334","Gage Larvadain","CLV","WR","6","2025","78","371","21.0","26","140","18.6","52","231","22.5","3","9","33.3","5","22","22.7","13","54","24.1","0.8","4.5"
"335","Najee Harris","LAC","RB","3","2025","41","197","20.8","18","71","25.4","23","126","18.3","0","6","0.0","0","12","0.0","5","29","17.2","3.9","11.6"
"336","Isaiah Williams","NYJ","WR","8","2025","94","457","20.6","41","184","22.3","53","273","19.4","1","8","12.5","3","22","13.6","16","51","31.4","1.5","11.6"
"337","Jayden Reed","GB","WR","2","2025","22","110","20.0","8","53","15.1","14","57","24.6","0","4","0.0","0","12","0.0","4","26","15.4","6.8","13.5"
"338","Ashton Dulin","IND","WR","9","2025","111","560","19.8","54","232","23.3","57","328","17.4","15","34","44.1","23","58","39.7","34","110","30.9","1.6","14.2"
"339","Taysom Hill","NO","TE","6","2025","68","344","19.8","43","127","33.9","25","217","11.5","2","5","40.0","4","14","28.6","10","38","26.3","2.8","16.8"
"340","Zavier Scott","MIN","RB","6","2025","71","364","19.5","21","127","16.5","50","237","21.1","2","14","14.3","3","27","11.1","9","66","13.6","4.9","29.2"
"341","Braxton Berrios","HST","WR","4","2025","55","285","19.3","13","93","14.0","42","192","21.9","0","15","0.0","0","19","0.0","5","50","10.0","2.4","9.7"
"342","Jimmy Horn","CAR","WR","7","2025","84","437","19.2","42","208","20.2","42","229","18.3","2","12","16.7","6","26","23.1","15","77","19.5","2.4","17.0"
"343","Mason Kinsey","TEN","WR","4","2025","42","219","19.2","9","68","13.2","33","151","21.9","1","6","16.7","2","12","16.7","2","19","10.5","0.6","2.4"
"344","Jake Bobo","SEA","WR","6","2025","68","357","19.0","48","173","27.7","20","184","10.9","3","15","20.0","3","28","10.7","15","60","25.0","0.7","4.0"
"345","Hunter Luepke","DAL","FB","10","2025","121","645","18.8","67","241","27.8","54","404","13.4","14","43","32.6","19","62","30.6","35","117","29.9","2.0","19.9"
"346","Ben Skowronek","PIT","WR","10","2025","104","555","18.7","56","222","25.2","48","333","14.4","6","26","23.1","10","41","24.4","23","86","26.7","1.2","11.5"
"347","James Mitchell","CAR","TE","3","2025","36","194","18.6","25","95","26.3","11","99","11.1","3","6","50.0","5","13","38.5","5","27","18.5","1.9","5.8"
"348","Brittain Brown","CHI","RB","1","2025","14","76","18.4","5","32","15.6","9","44","20.5","0","5","0.0","0","9","0.0","0","18","0.0","9.7","9.7"
"349","Marcedes Lewis","DEN","TE","3","2025","32","179","17.9","26","69","37.7","6","110","5.5","0","3","0.0","1","7","14.3","6","22","27.3","","0.0"
"350","Tyler Badie","DEN","RB","10","2025","113","634","17.8","7","248","2.8","106","386","27.5","0","26","0.0","1","41","2.4","7","90","7.8","2.1","20.6"
"351","Jaydon Blue","DAL","RB","4","2025","43","242","17.8","28","100","28.0","15","142","10.6","0","15","0.0","0","23","0.0","2","45","4.4","2.0","8.0"
"352","C.J. Ham","MIN","FB","4","2025","43","243","17.7","10","77","13.0","33","166","19.9","0","6","0.0","1","14","7.1","3","41","7.3","0.4","1.5"
"353","Ryan Miller","TB","WR","10","2025","110","624","17.6","81","243","33.3","29","381","7.6","11","16","68.8","13","30","43.3","21","80","26.3","1.1","11.4"
"354","Scott Miller","PIT","WR","7","2025","68","387","17.6","32","166","19.3","36","221","16.3","1","17","5.9","1","29","3.4","7","61","11.5","0.3","1.9"
"355","Malachi Corley","CLV","WR","6","2025","65","371","17.5","37","140","26.4","28","231","12.1","0","9","0.0","2","22","9.1","5","54","9.3","2.3","14.0"
"356","Tanner Hudson","CIN","TE","6","2025","61","349","17.5","7","102","6.9","54","247","21.9","5","11","45.5","8","18","44.4","14","41","34.1","4.1","24.3"
"357","Tay Martin","WAS","WR","3","2025","29","166","17.5","14","69","20.3","15","97","15.5","0","2","0.0","0","10","0.0","4","21","19.0","1.4","4.3"
"358","Jacoby Jones","WAS","WR","1","2025","11","64","17.2","8","32","25.0","3","32","9.4","0","5","0.0","1","8","12.5","3","13","23.1","3.5","3.5"
"359","Jaret Patterson","LAC","RB","3","2025","35","204","17.2","25","91","27.5","10","113","8.8","0","7","0.0","1","15","6.7","3","30","10.0","2.5","7.5"
"360","Antonio Gibson","NE","RB","5","2025","51","298","17.1","29","110","26.4","22","188","11.7","5","17","29.4","7","28","25.0","11","46","23.9","3.6","18.2"
"361","Brian Robinson","SF","RB","11","2025","119","702","17.0","73","283","25.8","46","419","11.0","5","27","18.5","8","54","14.8","17","119","14.3","4.2","45.7"
"362","Blake Whiteheart","CLV","TE","9","2025","98","582","16.8","51","209","24.4","47","373","12.6","6","20","30.0","8","35","22.9","18","81","22.2","0.3","2.4"
"363","Travis Vokolek","ARZ","TE","3","2025","29","173","16.8","23","70","32.9","6","103","5.8","6","11","54.5","7","14","50.0","7","27","25.9","","0.0"
"364","Brashard Smith","KC","RB","10","2025","107","640","16.7","51","223","22.9","56","417","13.4","4","31","12.9","8","63","12.7","24","120","20.0","3.7","37.2"
"365","Hayden Rucci","MIA","TE","4","2025","39","234","16.7","30","119","25.2","9","115","7.8","0","8","0.0","2","21","9.5","3","46","6.5","","0.0"
"366","Sean Tucker","TB","RB","10","2025","104","624","16.7","59","243","24.3","45","381","11.8","6","16","37.5","10","30","33.3","14","80","17.5","6.4","63.5"
"367","John Metchie","PHI, NYJ","WR","9","2025","85","512","16.6","44","227","19.4","41","285","14.4","1","23","4.3","2","37","5.4","7","77","9.1","2.2","19.9"
"368","Xavier Smith","LA","WR","10","2025","100","623","16.1","42","267","15.7","58","356","16.3","4","37","10.8","7","71","9.9","15","123","12.2","1.6","15.5"
"369","Darius Cooper","PHI","WR","6","2025","58","369","15.7","36","187","19.3","22","182","12.1","6","14","42.9","8","26","30.8","11","50","22.0","","0.0"
"370","Ben Yurosek","MIN","TE","8","2025","69","441","15.6","43","166","25.9","26","275","9.5","5","13","38.5","5","28","17.9","5","73","6.8","0.2","1.5"
"371","Nick Vannett","MIN","TE","3","2025","30","192","15.6","19","66","28.8","11","126","8.7","3","8","37.5","5","13","38.5","8","30","26.7","","0.0"
"372","Hassan Haskins","LAC","RB","7","2025","71","456","15.6","15","146","10.3","56","310","18.1","2","12","16.7","6","29","20.7","13","75","17.3","1.2","8.3"
"373","KeAndre Lambert-Smith","LAC","WR","6","2025","56","367","15.3","21","132","15.9","35","235","14.9","0","13","0.0","1","23","4.3","5","56","8.9","0.2","1.1"
"374","Adam Prentice","DEN","FB","11","2025","105","691","15.2","74","272","27.2","31","419","7.4","7","26","26.9","9","44","20.5","18","95","18.9","0.7","7.8"
"375","Robert Tonyan","KC","TE","10","2025","97","640","15.2","63","223","28.3","34","417","8.2","2","31","6.5","7","63","11.1","14","120","11.7","0.1","1.1"
"376","Trayveon Williams","LAC","RB","2","2025","17","114","14.9","6","42","14.3","11","72","15.3","0","1","0.0","0","1","0.0","1","12","8.3","0.5","0.9"
"377","Chris Manhertz","NYG","TE","11","2025","105","708","14.8","74","290","25.5","31","418","7.4","18","34","52.9","21","60","35.0","29","120","24.2","0.2","1.7"
"378","Ko Kieft","TB","TE","3","2025","28","192","14.6","22","77","28.6","6","115","5.2","0","2","0.0","2","8","25.0","2","23","8.7","","0.0"
"379","James Proche","TEN","WR","2","2025","16","111","14.4","6","42","14.3","10","69","14.5","0","5","0.0","1","10","10.0","1","17","5.9","","0.0"
"380","Mitchell Tinsley","CIN","WR","10","2025","84","587","14.3","38","184","20.7","46","403","11.4","5","27","18.5","10","42","23.8","13","81","16.0","1.4","13.9"
"381","Terrell Jennings","NE","RB","4","2025","35","256","13.7","29","110","26.4","6","146","4.1","1","13","7.7","1","26","3.8","5","51","9.8","3.8","15.2"
"382","Beaux Collins","NYG","WR","9","2025","76","569","13.4","28","225","12.4","48","344","14.0","3","25","12.0","6","47","12.8","21","94","22.3","0.5","4.5"
"383","AJ Dillon","PHI","RB","6","2025","46","351","13.1","23","142","16.2","23","209","11.0","0","22","0.0","0","30","0.0","3","55","5.5","1.5","8.8"
"384","Jaylen Wright","MIA","RB","4","2025","30","229","13.1","19","121","15.7","11","108","10.2","0","8","0.0","2","21","9.5","2","45","4.4","1.5","5.9"
"385","Savion Williams","GB","WR","10","2025","79","606","13.0","39","261","14.9","40","345","11.6","0","23","0.0","4","46","8.7","13","106","12.3","2.6","25.6"
"386","Kameron Johnson","TB","WR","10","2025","81","624","13.0","44","243","18.1","37","381","9.7","0","16","0.0","0","30","0.0","4","80","5.0","1.8","17.7"
"387","Devontez Walker","BLT","WR","5","2025","33","260","12.7","14","97","14.4","19","163","11.7","2","20","10.0","3","27","11.1","4","43","9.3","4.2","21.0"
"388","Pharaoh Brown","ARZ","TE","1","2025","9","71","12.7","6","14","42.9","3","57","5.3","0","1","0.0","1","7","14.3","1","14","7.1","","0.0"
"389","D'Ernest Johnson","NE, ARZ","RB","3","2025","24","191","12.6","6","72","8.3","18","119","15.1","2","7","28.6","4","22","18.2","6","33","18.2","0.2","0.7"
"390","Mason Tipton","NO","WR","8","2025","60","479","12.5","41","182","22.5","19","297","6.4","1","8","12.5","5","21","23.8","8","58","13.8","","0.0"
"391","Jalen Royals","KC","WR","4","2025","34","272","12.5","29","108","26.9","5","164","3.0","2","18","11.1","5","35","14.3","7","67","10.4","","0.0"
"392","DeeJay Dallas","CAR","RB","2","2025","16","129","12.4","5","68","7.4","11","61","18.0","0","4","0.0","1","8","12.5","4","22","18.2","","0.0"
"393","Dee Eskridge","MIA","WR","9","2025","62","506","12.3","18","188","9.6","44","318","13.8","0","11","0.0","1","30","3.3","3","74","4.1","1.1","10.2"
"394","KhaDarel Hodge","ATL","WR","9","2025","67","547","12.2","30","220","13.6","37","327","11.3","4","16","25.0","6","34","17.6","7","67","10.4","0.7","6.1"
"395","Ricky White","SEA","WR","2","2025","13","107","12.1","13","70","18.6","0","37","0.0","0","7","0.0","0","10","0.0","0","19","0.0","","0.0"
"396","Skyy Moore","SF","WR","11","2025","85","702","12.1","27","283","9.5","58","419","13.8","1","27","3.7","4","54","7.4","15","119","12.6","1.0","10.5"
"397","Jaleel McLaughlin","DEN","RB","2","2025","14","118","11.9","7","44","15.9","7","74","9.5","1","2","50.0","2","8","25.0","2","19","10.5","4.2","8.4"
"398","Keaton Mitchell","BLT","RB","6","2025","42","356","11.8","24","179","13.4","18","177","10.2","1","24","4.2","2","37","5.4","10","72","13.9","3.3","19.9"
"399","Colson Yankoff","WAS","TE","9","2025","62","529","11.7","42","222","18.9","20","307","6.5","6","22","27.3","9","42","21.4","13","74","17.6","0.2","1.4"
"400","Ross Dwelley","DET","TE","7","2025","50","428","11.7","37","205","18.0","13","223","5.8","2","17","11.8","7","40","17.5","11","73","15.1","","0.0"
"401","Ja'Corey Brooks","WAS","WR","1","2025","7","60","11.7","4","25","16.0","3","35","8.6","0","0","0.0","0","2","0.0","0","2","0.0","","0.0"
"402","Chris Brooks","GB","RB","10","2025","70","606","11.6","21","261","8.0","49","345","14.2","0","23","0.0","1","46","2.2","5","106","4.7","1.3","13.4"
"403","Tim Jones","JAX, MIN","WR","4","2025","26","227","11.5","15","102","14.7","11","125","8.8","3","13","23.1","4","21","19.0","8","49","16.3","0.6","2.5"
"404","Brandon Smith","NYJ","WR","1","2025","8","70","11.4","5","32","15.6","3","38","7.9","0","2","0.0","1","9","11.1","1","21","4.8","","0.0"
"405","Will Shipley","PHI","RB","8","2025","53","465","11.4","14","205","6.8","39","260","15.0","0","15","0.0","0","24","0.0","0","52","0.0","1.4","11.3"
"406","Cam Grandy","CIN","TE","3","2025","19","167","11.4","15","58","25.9","4","109","3.7","2","5","40.0","5","14","35.7","6","23","26.1","0.5","1.6"
"407","Keleki Latu","BUF","TE","1","2025","6","53","11.3","1","21","4.8","5","32","15.6","0","3","0.0","0","4","0.0","1","8","12.5","1.4","1.4"
"408","Thomas Fidone","NYG","TE","2","2025","14","125","11.2","2","49","4.1","12","76","15.8","1","2","50.0","1","6","16.7","1","13","7.7","","0.0"
"409","Anthony Gould","IND","WR","8","2025","52","471","11.0","27","202","13.4","25","269","9.3","2","28","7.1","4","51","7.8","8","98","8.2","0.2","1.3"
"410","DJ Giddens","IND","RB","7","2025","46","419","11.0","31","185","16.8","15","234","6.4","2","28","7.1","4","49","8.2","7","92","7.6","0.9","6.6"
"411","Ray Davis","BUF","RB","10","2025","68","620","11.0","37","271","13.7","31","349","8.9","7","30","23.3","9","47","19.1","13","101","12.9","1.6","16.2"
"412","Dare Ogunbowale","HST","RB","10","2025","70","646","10.8","3","233","1.3","67","413","16.2","2","26","7.7","2","37","5.4","9","86","10.5","0.9","9.4"
"413","Kaleb Johnson","PIT","RB","7","2025","42","395","10.6","26","160","16.3","16","235","6.8","0","20","0.0","0","32","0.0","6","64","9.4","1.1","7.7"
"414","Stephen Carlson","CHI","TE","2","2025","13","126","10.3","6","44","13.6","7","82","8.5","1","10","10.0","1","14","7.1","3","30","10.0","","0.0"
"415","Brenden Bates","HST, CLV","TE","4","2025","26","254","10.2","19","100","19.0","7","154","4.5","2","13","15.4","3","17","17.6","4","31","12.9","1.1","4.3"
"416","E.J. Jenkins","PHI","TE","1","2025","5","49","10.2","5","23","21.7","0","26","0.0","0","0","0.0","0","0","0.0","1","3","33.3","","0.0"
"417","Jordan Watkins","SF","WR","3","2025","17","169","10.1","4","66","6.1","13","103","12.6","0","6","0.0","0","10","0.0","3","37","8.1","1.5","4.6"
"418","Shedrick Jackson","LV","WR","1","2025","3","30","10.0","1","10","10.0","2","20","10.0","0","0","0.0","0","0","0.0","0","0","0.0","","0.0"
"419","British Brooks","HST","FB","6","2025","40","416","9.6","32","157","20.4","8","259","3.1","5","20","25.0","6","26","23.1","8","64","12.5","0.3","1.5"
"420","Andrew Beck","NYJ","FB","10","2025","55","592","9.3","39","240","16.3","16","352","4.5","3","14","21.4","6","34","17.6","8","74","10.8","1.1","10.6"
"421","Jacardia Wright","SEA","RB","1","2025","5","54","9.3","5","33","15.2","0","21","0.0","0","2","0.0","0","2","0.0","0","10","0.0","2.0","2.0"
"422","Bryce Oliver","TEN","WR","2","2025","11","119","9.2","2","44","4.5","9","75","12.0","0","2","0.0","0","6","0.0","0","12","0.0","0.9","1.8"
"423","Dareke Young","SEA","WR","6","2025","33","357","9.2","24","173","13.9","9","184","4.9","1","15","6.7","2","28","7.1","2","60","3.3","1.1","6.8"
"424","Shane Zylstra","DET","TE","1","2025","6","65","9.2","5","22","22.7","1","43","2.3","0","0","0.0","0","2","0.0","0","13","0.0","","0.0"
"425","Amar Johnson","LAC","RB","1","2025","4","45","8.9","2","13","15.4","2","32","6.3","0","0","0.0","0","0","0.0","1","3","33.3","0.8","0.8"
"426","Connor Heyward","PIT","TE","10","2025","49","555","8.8","35","222","15.8","14","333","4.2","4","26","15.4","9","41","22.0","17","86","19.8","1.1","10.7"
"427","Will Mallory","IND","TE","1","2025","5","57","8.8","1","25","4.0","4","32","12.5","0","7","0.0","0","12","0.0","1","18","5.6","","0.0"
"428","Tank Bigsby","JAX, PHI","RB","9","2025","46","529","8.7","28","232","12.1","18","297","6.1","0","17","0.0","0","30","0.0","5","74","6.8","2.0","17.7"
"429","Dameon Pierce","HST","RB","4","2025","23","267","8.6","14","107","13.1","9","160","5.6","0","9","0.0","0","14","0.0","2","42","4.8","0.7","2.6"
"430","Ameer Abdullah","IND","RB","6","2025","32","372","8.6","8","141","5.7","24","231","10.4","2","22","9.1","5","38","13.2","9","73","12.3","3.0","18.0"
"431","Malik Davis","DAL","RB","4","2025","22","260","8.5","12","103","11.7","10","157","6.4","4","22","18.2","5","29","17.2","8","54","14.8","0.7","2.6"
"432","Josiah Deguara","ARZ","TE","5","2025","27","327","8.3","14","104","13.5","13","223","5.8","1","15","6.7","2","37","5.4","3","72","4.2","","0.0"
"433","Teagan Quitoriano","ATL","TE","8","2025","41","497","8.2","41","224","18.3","0","273","0.0","4","16","25.0","7","32","21.9","10","61","16.4","","0.0"
"434","David Martin-Robinson","TEN","TE","8","2025","38","463","8.2","27","147","18.4","11","316","3.5","7","15","46.7","9","29","31.0","10","49","20.4","0.9","7.1"
"435","Cameron Latu","PHI","TE","9","2025","43","524","8.2","31","235","13.2","12","289","4.2","6","21","28.6","6","31","19.4","6","68","8.8","","0.0"
"436","Tahj Washington","MIA","WR","4","2025","18","222","8.1","3","95","3.2","15","127","11.8","0","10","0.0","0","19","0.0","0","39","0.0","0.3","1.1"
"437","Elijah Mitchell","KC","RB","1","2025","5","62","8.1","0","13","0.0","5","49","10.2","0","2","0.0","0","2","0.0","0","8","0.0","","0.0"
"438","Malik Turner","SF","WR","3","2025","17","211","8.1","11","91","12.1","6","120","5.0","0","10","0.0","1","16","6.3","1","28","3.6","","0.0"
"439","Dan Chisena","CAR","WR","1","2025","4","50","8.0","4","23","17.4","0","27","0.0","0","1","0.0","0","1","0.0","0","4","0.0","","0.0"
"440","Simi Fehoko","ARZ","WR","7","2025","37","470","7.9","12","158","7.6","25","312","8.0","2","18","11.1","6","46","13.0","8","86","9.3","","0.0"
"441","Tyler Goodson","IND","RB","5","2025","24","308","7.8","6","116","5.2","18","192","9.4","1","15","6.7","1","24","4.2","2","42","4.8","0.8","4.0"
"442","Brady Russell","SEA","FB","10","2025","46","593","7.8","39","302","12.9","7","291","2.4","10","26","38.5","12","49","24.5","16","100","16.0","","0.0"
"443","Mecole Hardman","BUF","WR","1","2025","4","53","7.5","1","21","4.8","3","32","9.4","0","3","0.0","0","4","0.0","0","8","0.0","","0.0"
"444","Trevor Etienne","CAR","RB","11","2025","51","695","7.3","33","302","10.9","18","393","4.6","3","24","12.5","6","47","12.8","11","117","9.4","1.1","12.3"
"445","Efton Chism","NE","WR","5","2025","22","311","7.1","15","131","11.5","7","180","3.9","0","13","0.0","1","27","3.7","3","48","6.3","","0.0"
"446","Dylan Drummond","ATL","WR","2","2025","7","103","6.8","3","31","9.7","4","72","5.6","0","2","0.0","1","9","11.1","2","17","11.8","","0.0"
"447","Jalen Brooks","DAL","WR","1","2025","4","59","6.8","3","26","11.5","1","33","3.0","0","3","0.0","0","3","0.0","0","9","0.0","","0.0"
"448","Derius Davis","LAC","WR","8","2025","35","520","6.7","17","188","9.0","18","332","5.4","1","14","7.1","2","35","5.7","7","79","8.9","0.2","1.8"
"449","Cam Akers","MIN","RB","2","2025","8","119","6.7","5","49","10.2","3","70","4.3","0","4","0.0","0","7","0.0","0","17","0.0","3.6","7.2"
"450","Dalevon Campbell","CAR","WR","2","2025","8","120","6.7","3","55","5.5","5","65","7.7","0","7","0.0","0","12","0.0","0","18","0.0","","0.0"
"451","Carter Runyon","LV","TE","4","2025","13","210","6.2","10","75","13.3","3","135","2.2","0","6","0.0","0","11","0.0","2","38","5.3","0.3","1.3"
"452","Josh Williams","TB","RB","2","2025","7","114","6.1","6","49","12.2","1","65","1.5","0","10","0.0","0","11","0.0","0","22","0.0","0.6","1.1"
"453","George Holani","SEA","RB","10","2025","36","593","6.1","27","302","8.9","9","291","3.1","0","26","0.0","1","49","2.0","8","100","8.0","1.6","15.8"
"454","Michael Bandy","DEN","WR","2","2025","7","118","5.9","0","49","0.0","7","69","10.1","0","1","0.0","0","2","0.0","0","8","0.0","1.3","2.6"
"455","Jason Brownlee","KC","WR","5","2025","18","307","5.9","5","97","5.2","13","210","6.2","0","12","0.0","2","27","7.4","5","51","9.8","","0.0"
"456","Ben Sims","GB, MIN","TE","2","2025","7","121","5.8","4","42","9.5","3","79","3.8","0","4","0.0","0","6","0.0","0","15","0.0","","0.0"
"457","Treyton Welch","NO","TE","1","2025","4","70","5.7","1","25","4.0","3","45","6.7","0","0","0.0","0","1","0.0","0","6","0.0","","0.0"
"458","Nate Carter","ATL","RB","3","2025","10","178","5.6","10","77","13.0","0","101","0.0","0","1","0.0","0","6","0.0","0","18","0.0","1.7","5.0"
"459","Julius Chestnut","TEN","RB","10","2025","32","573","5.6","14","186","7.5","18","387","4.7","2","15","13.3","2","32","6.3","3","55","5.5","0.4","3.6"
"460","Devin Culp","TB","TE","7","2025","22","432","5.1","14","166","8.4","8","266","3.0","1","14","7.1","3","22","13.6","5","57","8.8","","0.0"
"461","Alex Bachman","LV","WR","8","2025","22","459","4.8","13","174","7.5","9","285","3.2","0","11","0.0","0","22","0.0","2","60","3.3","0.2","1.9"
"462","Kendall Milton","CIN","RB","1","2025","3","63","4.8","3","22","13.6","0","41","0.0","0","0","0.0","0","0","0.0","0","4","0.0","0.2","0.2"
"463","Gunner Olszewski","NYG","WR","11","2025","33","708","4.7","10","290","3.4","23","418","5.5","0","34","0.0","0","60","0.0","4","120","3.3","0.9","9.4"
"464","Moliki Matavao","NO","TE","3","2025","9","201","4.5","8","77","10.4","1","124","0.8","0","8","0.0","1","13","7.7","2","33","6.1","","0.0"
"465","Audric Estime","NO","RB","1","2025","3","67","4.5","3","36","8.3","0","31","0.0","1","4","25.0","3","7","42.9","3","11","27.3","","0.0"
"466","Dylan Laube","LV","RB","10","2025","25","569","4.4","7","212","3.3","18","357","5.0","0","11","0.0","0","29","0.0","0","79","0.0","0.5","5.3"
"467","Jackson Meeks","DET","WR","2","2025","5","115","4.3","5","49","10.2","0","66","0.0","0","5","0.0","0","11","0.0","0","14","0.0","","0.0"
"468","Tahj Brooks","CIN","RB","8","2025","20","467","4.3","9","155","5.8","11","312","3.5","1","22","4.5","1","36","2.8","1","67","1.5","0.3","2.3"
"469","Raheim Sanders","CLV","RB","1","2025","3","71","4.2","3","23","13.0","0","48","0.0","2","5","40.0","2","6","33.3","2","12","16.7","6.3","6.3"
"470","LaJohntay Wester","BLT","WR","9","2025","20","507","3.9","13","222","5.9","7","285","2.5","0","34","0.0","0","48","0.0","1","83","1.2","","0.0"
"471","Jalen Cropper","DAL","WR","3","2025","7","179","3.9","6","71","8.5","1","108","0.9","0","13","0.0","0","19","0.0","0","34","0.0","","0.0"
"472","Tai Felton","MIN","WR","8","2025","18","467","3.9","10","174","5.7","8","293","2.7","0","14","0.0","0","27","0.0","0","78","0.0","0.2","1.9"
"473","Parris Campbell","DAL","WR","1","2025","2","53","3.8","2","19","10.5","0","34","0.0","0","3","0.0","0","8","0.0","0","14","0.0","","0.0"
"474","Nikko Remigio","KC","WR","10","2025","24","640","3.8","19","223","8.5","5","417","1.2","1","31","3.2","3","63","4.8","5","120","4.2","0.4","4.2"
"475","Clyde Edwards-Helaire","KC","RB","1","2025","2","57","3.5","2","19","10.5","0","38","0.0","0","6","0.0","0","8","0.0","0","11","0.0","0.5","0.5"
"476","Brayden Willis","SF","TE","5","2025","12","343","3.5","7","121","5.8","5","222","2.3","4","12","33.3","5","26","19.2","5","45","11.1","","0.0"
"477","Rasheen Ali","BLT","RB","9","2025","17","500","3.4","3","223","1.3","14","277","5.1","1","31","3.2","2","45","4.4","5","86","5.8","0.3","3.0"
"478","Jahdae Walker","CHI","WR","3","2025","6","202","3.0","3","76","3.9","3","126","2.4","2","15","13.3","2","23","8.7","2","48","4.2","","0.0"
"479","Nyheim Hines","LAC","RB","3","2025","6","208","2.9","2","74","2.7","4","134","3.0","0","4","0.0","0","19","0.0","1","47","2.1","-0.1","-0.2"
"480","Ulysses Bentley","IND","RB","1","2025","2","70","2.9","1","37","2.7","1","33","3.0","0","5","0.0","0","8","0.0","0","19","0.0","","0.0"
"481","Dominic Lovett","DET","WR","7","2025","12","421","2.9","12","203","5.9","0","218","0.0","0","21","0.0","1","48","2.1","2","87","2.3","","0.0"
"482","Jeff Wilson","MIA","RB","1","2025","1","46","2.2","0","10","0.0","1","36","2.8","0","0","0.0","0","3","0.0","0","4","0.0","","0.0"
"483","Xavier Gipson","NYJ, PHI","WR","5","2025","6","297","2.0","3","159","1.9","3","138","2.2","0","6","0.0","0","13","0.0","1","32","3.1","0.3","1.3"
"484","Stone Smartt","NYJ","TE","2","2025","2","103","1.9","2","58","3.4","0","45","0.0","0","0","0.0","0","2","0.0","0","7","0.0","","0.0"
"485","Justin Shorter","LV","WR","5","2025","5","263","1.9","5","122","4.1","0","141","0.0","0","5","0.0","0","17","0.0","0","31","0.0","","0.0"
"486","Devin Duvernay","CHI","WR","10","2025","12","649","1.8","1","274","0.4","11","375","2.9","4","26","15.4","4","49","8.2","5","111","4.5","0.1","1.2"
"487","Travis Homer","CHI","RB","4","2025","5","278","1.8","1","130","0.8","4","148","2.7","0","18","0.0","0","30","0.0","1","57","1.8","-0.1","-0.2"
"488","Myles Price","MIN","WR","10","2025","10","574","1.7","8","204","3.9","2","370","0.5","0","18","0.0","0","34","0.0","0","91","0.0","","0.0"
"489","Owen Wright","TB","RB","2","2025","2","118","1.7","2","60","3.3","0","58","0.0","0","4","0.0","0","8","0.0","0","18","0.0","","0.0"
"490","Feleipe Franks","ATL","TE","7","2025","7","422","1.7","7","178","3.9","0","244","0.0","0","17","0.0","0","35","0.0","1","60","1.7","0.0","0.2"
"491","Ronnie Rivers","LA","RB","1","2025","1","62","1.6","0","28","0.0","1","34","2.9","0","7","0.0","0","9","0.0","0","14","0.0","","0.0"
"492","Jelani Woods","NYJ","TE","1","2025","1","70","1.4","1","32","3.1","0","38","0.0","0","2","0.0","0","9","0.0","0","21","0.0","","0.0"
"493","Jacob Saylors","DET","RB","8","2025","6","492","1.2","6","221","2.7","0","271","0.0","0","21","0.0","0","42","0.0","0","90","0.0","0.1","1.1"
"494","Ke'Shawn Williams","PIT","WR","6","2025","4","340","1.2","0","129","0.0","4","211","1.9","0","12","0.0","0","21","0.0","1","48","2.1","","0.0"
"495","Craig Reynolds","DET","RB","6","2025","4","361","1.1","4","168","2.4","0","193","0.0","0","15","0.0","0","38","0.0","0","78","0.0","0.1","0.4"
"496","Roschon Johnson","CHI","RB","6","2025","4","384","1.0","3","178","1.7","1","206","0.5","0","8","0.0","0","21","0.0","0","68","0.0","0.3","1.7"
"497","Kaden Davis","CLV","WR","2","2025","1","111","0.9","1","40","2.5","0","71","0.0","0","4","0.0","0","7","0.0","0","14","0.0","","0.0"
"498","Velus Jones","NO","RB","4","2025","2","266","0.8","2","105","1.9","0","161","0.0","0","6","0.0","0","13","0.0","0","38","0.0","","0.0"
"499","Charlie Jones","CIN","WR","10","2025","4","587","0.7","1","184","0.5","3","403","0.7","0","27","0.0","0","42","0.0","0","81","0.0","","0.0"
"500","Trey Sermon","PIT","RB","3","2025","1","164","0.6","1","66","1.5","0","98","0.0","0","11","0.0","0","17","0.0","0","38","0.0","","0.0"
"501","Sione Vaki","DET","RB","3","2025","1","196","0.5","1","90","1.1","0","106","0.0","0","8","0.0","0","18","0.0","0","42","0.0","0.1","0.4"
"502","Kene Nwangwu","NYJ","RB","5","2025","1","282","0.4","0","135","0.0","1","147","0.7","0","5","0.0","0","10","0.0","0","26","0.0","","0.0"
"503","Jamal Agnew","ATL","WR","8","2025","1","482","0.2","1","196","0.5","0","286","0.0","0","17","0.0","0","36","0.0","1","64","1.6","","0.0"

"Rank","Rank, Most to Least"
"Name","Full name of the player or team"
"Team","Team(s) played for"
"POS","Player Position"
"G","Games Played"
"Snaps","Total Offensive Snaps"
"TM Snaps","Total Team Snaps"
"Snap %","Snap Percentage"
"Snaps","Total Rushing Snaps"
"TM Snaps","Total Team Rushing Snaps"
"Snap %","Rushing Snap Percentage"
"Snaps","Total Passing Snaps"
"TM Snaps","Total Team Passing Snaps"
"Snap %","Passing Snap Percentage"
"Snaps","Total Inside the 5 Snaps"
"TM Snaps","Total Team Inside the 5 Snaps"
"Snap %","Inside the 5 Snap Percentage"
"Snaps","Total Inside the 10 Snaps"
"TM Snaps","Total Team Inside the 10 Snaps"
"Snap %","Inside the 10 Snap Percentage"
"Snaps","Total offensive snaps (pass + rush)"
"TM Snaps","Total Team Red Zone Snaps"
"Snap %","Red Zone Snap Percentage"
"FP/G","Fantasy Points per Game"
"FP","Fantasy Points"