"Player Details","","","","","","Overall","","","","Man","","","","Zone","","","","Single-High","","","","Two-High","","",""
"Rank","Name","Team","POS","G","Season","RTE","TPRR","YPRR","FP/RR","RTE","TPRR","YPRR","FP/RR","RTE","TPRR","YPRR","FP/RR","RTE","TPRR","YPRR","FP/RR","RTE","TPRR","YPRR","FP/RR"
"1","Ladd McConkey","LAC","WR","11","2025","381","0.22","1.69","0.37","136","0.26","2.22","0.45","230","0.18","1.44","0.28","194","0.21","1.93","0.41","187","0.22","1.44","0.33"
"2","Ja'Marr Chase","CIN","WR","10","2025","380","0.30","2.27","0.51","114","0.27","1.32","0.40","251","0.31","2.72","0.55","146","0.38","2.02","0.52","234","0.25","2.42","0.51"
"3","Trey McBride","ARZ","TE","10","2025","380","0.25","1.89","0.49","70","0.21","1.46","0.37","286","0.26","2.07","0.47","188","0.23","1.75","0.37","192","0.27","2.03","0.60"
"4","Wan'Dale Robinson","NYG","WR","11","2025","368","0.23","1.73","0.36","102","0.21","1.67","0.34","252","0.25","1.86","0.39","190","0.22","1.71","0.36","178","0.24","1.76","0.36"
"5","Tetairoa McMillan","CAR","WR","11","2025","357","0.24","2.10","0.43","86","0.27","2.64","0.50","253","0.23","1.96","0.37","187","0.26","2.27","0.37","170","0.22","1.91","0.50"
"6","Quentin Johnston","LAC","WR","10","2025","355","0.17","1.41","0.35","116","0.21","1.78","0.51","225","0.15","1.21","0.27","184","0.19","1.78","0.36","171","0.15","1.02","0.33"
"7","George Pickens","DAL","WR","10","2025","354","0.23","2.56","0.54","102","0.26","3.25","0.68","235","0.22","2.43","0.49","166","0.30","3.81","0.86","188","0.16","1.47","0.25"
"8","Jerry Jeudy","CLV","WR","10","2025","350","0.20","1.02","0.21","137","0.25","1.32","0.26","204","0.16","0.74","0.17","192","0.23","1.20","0.26","158","0.16","0.80","0.14"
"9","Justin Jefferson","MIN","WR","10","2025","348","0.27","2.15","0.41","109","0.28","1.68","0.42","220","0.27","2.56","0.44","178","0.31","2.56","0.51","170","0.22","1.71","0.31"
"10","Tee Higgins","CIN","WR","10","2025","347","0.18","1.57","0.38","103","0.26","2.17","0.60","236","0.14","1.36","0.30","127","0.24","2.02","0.54","220","0.14","1.30","0.29"
"11","Michael Wilson","ARZ","WR","10","2025","344","0.16","1.21","0.25","64","0.20","2.31","0.37","257","0.14","0.97","0.19","166","0.19","1.67","0.28","178","0.13","0.78","0.21"
"12","Courtland Sutton","DEN","WR","11","2025","339","0.21","1.91","0.40","69","0.29","3.25","0.60","260","0.19","1.63","0.35","185","0.24","2.23","0.44","154","0.17","1.53","0.34"
"13","Chris Olave","NO","WR","10","2025","337","0.27","1.97","0.44","71","0.27","1.61","0.41","260","0.27","2.09","0.46","168","0.31","2.57","0.54","169","0.23","1.38","0.34"
"14","Tre Tucker","LV","WR","10","2025","327","0.17","1.54","0.37","90","0.16","1.42","0.32","228","0.17","1.61","0.35","159","0.16","1.41","0.29","168","0.17","1.65","0.43"
"15","Rashid Shaheed","NO, SEA","WR","11","2025","326","0.22","1.62","0.35","73","0.26","2.15","0.49","247","0.20","1.48","0.30","164","0.24","1.71","0.34","162","0.19","1.54","0.35"
"16","Emeka Egbuka","TB","WR","10","2025","320","0.26","2.24","0.49","81","0.23","0.89","0.22","230","0.27","2.80","0.58","169","0.29","1.80","0.39","151","0.23","2.73","0.57"
"17","Troy Franklin","DEN","WR","11","2025","315","0.25","1.62","0.42","63","0.37","1.19","0.58","243","0.22","1.71","0.33","171","0.28","2.12","0.47","144","0.22","1.02","0.32"
"18","Rome Odunze","CHI","WR","10","2025","310","0.24","1.94","0.44","70","0.30","2.43","0.69","229","0.21","1.84","0.37","175","0.25","1.94","0.43","135","0.22","1.93","0.45"
"19","Kyle Pitts","ATL","TE","10","2025","310","0.20","1.40","0.31","82","0.24","1.72","0.40","221","0.19","1.33","0.29","161","0.24","1.53","0.36","149","0.16","1.26","0.26"
"20","Keenan Allen","LAC","WR","11","2025","309","0.27","1.92","0.45","113","0.25","1.31","0.27","184","0.28","2.39","0.55","155","0.28","1.83","0.48","154","0.25","2.00","0.42"
"21","Theo Johnson","NYG","TE","11","2025","308","0.18","1.14","0.33","87","0.16","1.74","0.45","207","0.18","0.96","0.26","159","0.16","1.36","0.36","149","0.19","0.90","0.30"
"22","Michael Pittman","IND","WR","10","2025","306","0.22","1.90","0.49","72","0.22","1.74","0.60","225","0.23","2.00","0.46","149","0.20","1.45","0.33","157","0.24","2.32","0.63"
"23","DeVonta Smith","PHI","WR","10","2025","305","0.22","2.18","0.44","88","0.22","1.70","0.38","212","0.22","2.39","0.47","150","0.21","1.94","0.37","155","0.23","2.41","0.50"
"24","Marvin Harrison","ARZ","WR","9","2025","303","0.20","1.73","0.37","49","0.31","1.88","0.74","236","0.20","1.83","0.31","144","0.22","2.10","0.38","159","0.19","1.40","0.35"
"25","Travis Kelce","KC","TE","10","2025","301","0.22","2.10","0.46","105","0.17","1.18","0.30","180","0.24","2.76","0.54","153","0.20","2.18","0.41","148","0.24","2.01","0.50"
"26","Andrei Iosivas","CIN","WR","10","2025","300","0.12","0.85","0.17","100","0.15","1.59","0.24","188","0.10","0.47","0.10","111","0.12","1.36","0.23","189","0.12","0.56","0.13"
"27","Juwan Johnson","NO","TE","10","2025","298","0.20","1.65","0.37","66","0.20","0.91","0.29","229","0.20","1.83","0.36","143","0.21","1.51","0.35","155","0.19","1.77","0.38"
"28","Jake Ferguson","DAL","TE","10","2025","297","0.24","1.35","0.47","84","0.21","0.87","0.41","197","0.24","1.58","0.45","134","0.23","1.15","0.49","163","0.25","1.51","0.46"
"29","Jameson Williams","DET","WR","10","2025","297","0.16","1.89","0.40","71","0.21","2.85","0.65","218","0.15","1.64","0.32","156","0.20","2.51","0.54","141","0.13","1.21","0.23"
"30","DJ Moore","CHI","WR","10","2025","297","0.16","1.42","0.32","65","0.17","1.02","0.18","224","0.17","1.52","0.26","168","0.14","1.12","0.20","129","0.20","1.81","0.38"
"31","Elic Ayomanor","TEN","WR","10","2025","297","0.19","1.12","0.25","58","0.19","0.78","0.15","230","0.19","1.18","0.21","142","0.20","1.53","0.27","155","0.18","0.75","0.23"
"32","Amon-Ra St. Brown","DET","WR","10","2025","295","0.31","2.49","0.64","72","0.39","3.10","0.91","215","0.27","2.30","0.49","156","0.30","2.35","0.63","139","0.32","2.65","0.64"
"33","Cade Otton","TB","TE","10","2025","293","0.18","1.30","0.26","83","0.14","0.88","0.17","202","0.20","1.52","0.30","156","0.15","0.99","0.20","137","0.20","1.65","0.33"
"34","Nico Collins","HST","WR","9","2025","292","0.28","2.20","0.48","68","0.26","1.71","0.42","210","0.28","2.19","0.44","144","0.28","2.51","0.51","148","0.27","1.89","0.43"
"35","Dalton Schultz","HST","TE","10","2025","292","0.23","1.67","0.36","79","0.19","0.80","0.18","200","0.25","2.10","0.42","138","0.22","1.44","0.35","154","0.24","1.88","0.37"
"36","Hunter Henry","NE","TE","11","2025","290","0.17","1.46","0.35","68","0.16","0.88","0.35","213","0.18","1.66","0.35","166","0.19","1.61","0.36","124","0.15","1.24","0.33"
"37","Tyler Warren","IND","TE","10","2025","289","0.22","2.13","0.47","60","0.12","0.63","0.23","221","0.25","2.60","0.49","133","0.22","2.68","0.55","156","0.22","1.67","0.36"
"38","DK Metcalf","PIT","WR","10","2025","289","0.22","1.91","0.42","91","0.15","0.67","0.25","178","0.26","2.75","0.55","130","0.29","2.00","0.50","159","0.16","1.83","0.36"
"39","Davante Adams","LA","WR","10","2025","288","0.29","1.98","0.56","104","0.30","1.32","0.67","175","0.27","2.41","0.43","154","0.25","1.68","0.34","134","0.34","2.32","0.81"
"40","Zay Flowers","BLT","WR","10","2025","284","0.25","2.48","0.46","95","0.26","2.49","0.45","182","0.24","2.53","0.46","149","0.28","3.07","0.51","135","0.21","1.82","0.38"
"41","T.J. Hockenson","MIN","TE","10","2025","280","0.17","1.00","0.26","92","0.09","0.38","0.10","172","0.22","1.35","0.29","140","0.16","1.19","0.29","140","0.17","0.81","0.24"
"42","Drake London","ATL","WR","9","2025","279","0.32","2.90","0.64","78","0.23","0.91","0.42","194","0.35","3.76","0.70","150","0.33","3.01","0.57","129","0.32","2.78","0.70"
"43","Jaylen Waddle","MIA","WR","11","2025","276","0.26","2.62","0.55","48","0.29","1.75","0.49","214","0.26","2.98","0.60","129","0.32","3.26","0.61","147","0.20","2.05","0.49"
"44","Zach Ertz","WAS","TE","11","2025","271","0.21","1.43","0.38","84","0.20","0.55","0.15","180","0.20","1.79","0.37","166","0.18","1.08","0.22","105","0.25","1.97","0.63"
"45","Deebo Samuel","WAS","WR","10","2025","268","0.25","1.75","0.53","78","0.24","1.19","0.52","183","0.26","2.06","0.49","160","0.23","1.26","0.33","108","0.29","2.49","0.72"
"46","Stefon Diggs","NE","WR","11","2025","267","0.27","2.47","0.54","70","0.31","2.94","0.71","187","0.25","2.37","0.48","148","0.25","2.72","0.57","119","0.29","2.15","0.49"
"47","Jakobi Meyers","JAX, LV","WR","9","2025","267","0.21","1.71","0.32","81","0.21","1.65","0.31","176","0.22","1.84","0.35","131","0.20","1.73","0.32","136","0.22","1.69","0.33"
"48","A.J. Brown","PHI","WR","9","2025","267","0.24","1.71","0.38","71","0.39","3.63","0.86","191","0.18","1.03","0.21","125","0.27","2.14","0.44","142","0.21","1.33","0.33"
"49","Xavier Hutchinson","HST","WR","10","2025","265","0.13","1.00","0.26","71","0.14","1.37","0.50","181","0.13","0.92","0.18","136","0.14","1.29","0.36","129","0.12","0.68","0.15"
"50","Brandin Cooks","NO","WR","10","2025","264","0.09","0.63","0.13","63","0.05","0.27","0.06","199","0.11","0.74","0.16","134","0.07","0.34","0.08","130","0.12","0.92","0.19"
"51","Sterling Shepard","TB","WR","10","2025","264","0.17","1.32","0.29","83","0.24","1.49","0.43","173","0.14","1.30","0.22","143","0.19","1.36","0.32","121","0.15","1.27","0.23"
"52","Romeo Doubs","GB","WR","10","2025","262","0.24","1.90","0.44","81","0.26","1.25","0.38","174","0.23","2.13","0.41","144","0.25","1.81","0.40","118","0.24","2.03","0.47"
"53","Jaxon Smith-Njigba","SEA","WR","10","2025","262","0.36","4.37","0.84","62","0.26","3.40","0.65","190","0.41","4.90","0.92","135","0.31","3.36","0.70","127","0.41","5.46","0.96"
"54","Brian Thomas","JAX","WR","8","2025","262","0.23","1.60","0.33","47","0.17","2.30","0.34","205","0.24","1.52","0.30","154","0.25","1.36","0.29","108","0.19","1.94","0.31"
"55","Mason Taylor","NYJ","TE","10","2025","257","0.18","1.07","0.27","55","0.15","0.18","0.24","197","0.19","1.32","0.27","130","0.17","1.04","0.23","127","0.19","1.11","0.30"
"56","Jalen Nailor","MIN","WR","10","2025","253","0.14","1.26","0.27","89","0.19","1.93","0.29","148","0.09","0.91","0.15","129","0.16","1.87","0.28","124","0.12","0.62","0.22"
"57","Xavier Legette","CAR","WR","9","2025","253","0.17","1.04","0.27","57","0.16","1.37","0.33","184","0.17","0.99","0.23","124","0.16","0.88","0.23","129","0.18","1.20","0.31"
"58","Kendrick Bourne","SF","WR","10","2025","252","0.17","1.91","0.31","45","0.16","0.91","0.18","195","0.17","2.18","0.35","119","0.15","1.84","0.31","133","0.18","1.98","0.32"
"59","Khalil Shakir","BUF","WR","10","2025","251","0.24","1.81","0.44","79","0.16","1.39","0.34","167","0.26","2.06","0.48","156","0.26","2.21","0.53","95","0.20","1.16","0.28"
"60","Harold Fannin","CLV","TE","10","2025","251","0.25","1.68","0.39","98","0.23","1.50","0.42","146","0.27","1.88","0.39","140","0.26","1.96","0.41","111","0.23","1.32","0.37"
"61","Jauan Jennings","SF","WR","9","2025","250","0.22","1.51","0.36","44","0.32","1.50","0.60","192","0.19","1.57","0.30","117","0.24","1.66","0.36","133","0.20","1.38","0.33"
"62","Jordan Addison","MIN","WR","7","2025","247","0.20","1.67","0.36","77","0.16","1.17","0.21","156","0.22","1.96","0.36","120","0.16","1.26","0.20","127","0.24","2.06","0.50"
"63","Alec Pierce","IND","WR","8","2025","247","0.21","2.37","0.37","65","0.28","2.65","0.40","176","0.19","2.35","0.38","119","0.29","3.44","0.50","128","0.13","1.38","0.25"
"64","Marquise Brown","KC","WR","10","2025","244","0.23","1.76","0.43","83","0.29","1.88","0.65","149","0.20","1.83","0.34","129","0.22","2.02","0.39","115","0.23","1.47","0.48"
"65","David Njoku","CLV","TE","9","2025","238","0.18","1.21","0.32","84","0.11","0.64","0.22","146","0.22","1.54","0.35","129","0.16","0.98","0.24","109","0.20","1.49","0.41"
"66","Oronde Gadsden","LAC","TE","9","2025","238","0.20","2.13","0.41","70","0.19","0.66","0.25","153","0.22","2.97","0.52","104","0.23","1.96","0.36","134","0.18","2.26","0.46"
"67","Dallas Goedert","PHI","TE","9","2025","238","0.21","1.50","0.48","65","0.20","0.94","0.79","172","0.21","1.72","0.36","122","0.20","1.31","0.36","116","0.22","1.69","0.60"
"68","Puka Nacua","LA","WR","9","2025","237","0.36","3.59","0.82","71","0.38","3.85","0.96","159","0.37","3.63","0.71","129","0.43","4.64","0.99","108","0.28","2.33","0.49"
"69","Darius Slayton","NYG","WR","8","2025","235","0.14","1.46","0.24","52","0.17","0.54","0.11","170","0.14","1.84","0.29","108","0.20","2.07","0.33","127","0.09","0.94","0.16"
"70","Chig Okonkwo","TEN","TE","10","2025","230","0.18","1.47","0.29","46","0.11","0.72","0.14","176","0.20","1.71","0.33","109","0.17","1.31","0.26","121","0.19","1.60","0.31"
"71","Sam LaPorta","DET","TE","9","2025","229","0.21","2.14","0.47","47","0.13","1.02","0.19","175","0.23","2.45","0.51","119","0.17","1.71","0.36","110","0.26","2.60","0.59"
"72","Darnell Mooney","ATL","WR","8","2025","228","0.18","0.98","0.17","69","0.25","1.19","0.18","156","0.15","0.91","0.17","119","0.20","1.26","0.20","109","0.15","0.68","0.13"
"73","Malik Washington","MIA","WR","11","2025","227","0.20","1.03","0.33","44","0.16","1.43","0.26","172","0.20","0.92","0.27","104","0.21","1.29","0.33","123","0.19","0.81","0.28"
"74","CeeDee Lamb","DAL","WR","7","2025","226","0.26","2.46","0.48","62","0.35","2.98","0.54","155","0.24","2.40","0.48","101","0.28","2.82","0.55","125","0.25","2.18","0.42"
"75","Keon Coleman","BUF","WR","9","2025","224","0.21","1.47","0.37","71","0.27","1.52","0.39","148","0.20","1.50","0.37","140","0.22","1.29","0.27","84","0.20","1.77","0.53"
"76","Parker Washington","JAX","WR","10","2025","221","0.22","1.58","0.35","45","0.22","2.04","0.34","165","0.22","1.50","0.28","124","0.25","2.18","0.38","97","0.19","0.82","0.31"
"77","Garrett Wilson","NYJ","WR","7","2025","218","0.25","1.81","0.46","43","0.33","2.63","0.89","170","0.24","1.59","0.31","103","0.22","1.47","0.35","115","0.28","2.12","0.55"
"78","Mack Hollins","NE","WR","11","2025","217","0.18","1.78","0.37","56","0.13","0.91","0.18","156","0.19","2.08","0.36","128","0.15","1.45","0.31","89","0.21","2.26","0.46"
"79","Kayshon Boutte","NE","WR","9","2025","217","0.14","1.99","0.44","54","0.11","1.37","0.43","157","0.15","2.27","0.46","133","0.17","1.96","0.41","84","0.10","2.02","0.50"
"80","Brock Bowers","LV","TE","7","2025","214","0.25","2.13","0.49","56","0.32","2.86","0.71","152","0.21","1.93","0.36","100","0.29","2.85","0.58","114","0.21","1.49","0.39"
"81","Jahan Dotson","PHI","WR","10","2025","214","0.08","0.91","0.17","68","0.07","0.94","0.21","142","0.08","0.92","0.15","105","0.09","0.30","0.07","109","0.07","1.49","0.26"
"82","Travis Hunter","JAX","WR","7","2025","212","0.21","1.41","0.30","35","0.20","1.94","0.48","167","0.22","1.38","0.28","117","0.21","1.13","0.28","95","0.21","1.75","0.32"
"83","Jalen Tolbert","DAL","WR","10","2025","211","0.12","0.82","0.19","68","0.13","0.41","0.09","132","0.11","1.09","0.24","100","0.15","1.10","0.24","111","0.09","0.56","0.12"
"84","Xavier Worthy","KC","WR","8","2025","210","0.21","1.34","0.33","64","0.25","1.58","0.38","134","0.22","1.34","0.28","103","0.28","2.07","0.43","107","0.15","0.64","0.16"
"85","Cooper Kupp","SEA","WR","9","2025","209","0.19","1.87","0.35","53","0.32","2.77","0.62","147","0.15","1.61","0.26","111","0.20","2.59","0.39","98","0.18","1.04","0.31"
"86","Evan Engram","DEN","TE","10","2025","208","0.23","1.25","0.31","44","0.14","1.07","0.20","158","0.25","1.28","0.30","107","0.20","1.10","0.24","101","0.27","1.41","0.38"
"87","Rashod Bateman","BLT","WR","9","2025","204","0.14","0.95","0.24","64","0.22","1.80","0.40","135","0.10","0.59","0.16","106","0.18","1.00","0.29","98","0.10","0.90","0.17"
"88","Olamide Zaccheaus","CHI","WR","10","2025","203","0.24","1.22","0.32","50","0.20","0.76","0.18","146","0.26","1.44","0.37","120","0.25","1.38","0.35","83","0.22","1.00","0.24"
"89","Isaiah Bond","CLV","WR","9","2025","201","0.14","0.61","0.12","76","0.20","0.87","0.15","123","0.11","0.46","0.10","113","0.14","0.78","0.14","88","0.14","0.40","0.09"
"90","Josh Downs","IND","WR","9","2025","199","0.24","1.59","0.43","51","0.29","1.43","0.55","141","0.21","1.59","0.34","104","0.21","1.52","0.37","95","0.26","1.66","0.49"
"91","JuJu Smith-Schuster","KC","WR","10","2025","199","0.14","1.46","0.30","82","0.07","0.28","0.08","105","0.20","2.51","0.44","113","0.13","1.31","0.25","86","0.15","1.66","0.38"
"92","Van Jefferson","TEN","WR","10","2025","196","0.16","0.96","0.21","38","0.16","0.95","0.20","151","0.17","0.99","0.18","87","0.18","1.06","0.21","109","0.15","0.89","0.22"
"93","Arian Smith","NYJ","WR","10","2025","195","0.05","0.24","0.06","43","0.07","-0.09","0.04","148","0.05","0.34","0.06","103","0.08","0.46","0.09","92","0.02","","0.01"
"94","Jayden Higgins","HST","WR","10","2025","195","0.18","1.31","0.34","47","0.11","1.32","0.34","136","0.21","1.25","0.25","98","0.18","1.70","0.36","97","0.19","0.92","0.32"
"95","Mark Andrews","BLT","TE","10","2025","193","0.22","1.43","0.52","72","0.25","2.17","0.66","113","0.20","1.04","0.31","108","0.23","1.99","0.56","85","0.21","0.72","0.34"
"96","Jonnu Smith","PIT","TE","10","2025","191","0.19","0.85","0.29","59","0.14","0.36","0.24","121","0.21","1.03","0.25","84","0.15","0.35","0.12","107","0.21","1.25","0.41"
"97","Tyler Lockett","LV, TEN","WR","10","2025","190","0.15","0.77","0.17","48","0.13","0.46","0.09","139","0.16","0.90","0.21","92","0.13","0.71","0.16","98","0.16","0.84","0.19"
"98","Tucker Kraft","GB","TE","8","2025","190","0.22","2.57","0.62","64","0.36","4.25","1.07","120","0.15","1.75","0.34","117","0.27","3.21","0.67","73","0.14","1.56","0.53"
"99","Tez Johnson","TB","WR","9","2025","189","0.16","1.38","0.37","58","0.14","0.79","0.25","127","0.17","1.53","0.31","99","0.13","0.90","0.22","90","0.20","1.91","0.54"
"100","AJ Barner","SEA","TE","10","2025","188","0.18","1.63","0.49","48","0.21","1.50","0.59","131","0.17","1.69","0.32","97","0.16","1.84","0.39","91","0.20","1.41","0.53"
"101","Chris Moore","WAS","WR","10","2025","188","0.11","1.02","0.19","53","0.15","1.89","0.36","131","0.09","0.70","0.12","123","0.12","1.18","0.22","65","0.08","0.72","0.12"
"102","Matthew Golden","GB","WR","9","2025","185","0.17","1.55","0.31","59","0.12","1.49","0.22","119","0.19","1.69","0.33","103","0.11","0.97","0.18","82","0.24","2.27","0.41"
"103","Calvin Austin","PIT","WR","8","2025","185","0.19","1.31","0.31","64","0.25","1.55","0.45","115","0.17","1.12","0.23","72","0.29","1.64","0.48","113","0.13","1.10","0.21"
"104","Chimere Dike","TEN","WR","10","2025","183","0.19","1.14","0.28","35","0.23","1.71","0.49","140","0.18","1.02","0.22","86","0.17","1.42","0.34","97","0.20","0.89","0.21"
"105","Jake Tonges","SF","TE","11","2025","182","0.19","1.24","0.40","28","0.11","0.46","0.33","144","0.22","1.47","0.39","71","0.24","1.54","0.58","111","0.16","1.05","0.29"
"106","Colston Loveland","CHI","TE","9","2025","179","0.18","1.84","0.38","42","0.12","0.38","0.25","133","0.20","2.35","0.44","106","0.21","1.84","0.37","73","0.15","1.84","0.40"
"107","Dyami Brown","JAX","WR","9","2025","176","0.20","1.24","0.28","34","0.15","0.71","0.31","135","0.22","1.44","0.27","105","0.17","1.42","0.29","71","0.25","0.99","0.23"
"108","Cedric Tillman","CLV","WR","6","2025","176","0.15","0.96","0.26","71","0.14","1.01","0.37","102","0.16","0.95","0.18","104","0.13","1.22","0.27","72","0.18","0.58","0.24"
"109","Tyquan Thornton","KC","WR","10","2025","173","0.17","2.15","0.41","59","0.24","1.90","0.41","107","0.14","2.43","0.43","92","0.17","2.49","0.41","81","0.16","1.77","0.40"
"110","Tommy Tremble","CAR","TE","11","2025","171","0.14","1.08","0.25","37","0.16","0.73","0.32","127","0.14","1.24","0.25","91","0.14","1.18","0.28","80","0.14","0.96","0.22"
"111","Dont'e Thornton","LV","WR","9","2025","170","0.12","0.58","0.09","48","0.19","1.17","0.16","119","0.09","0.35","0.07","75","0.16","0.65","0.11","95","0.09","0.52","0.08"
"112","Cole Kmet","CHI","TE","9","2025","168","0.16","1.14","0.25","30","0.07","0.97","0.16","133","0.18","1.19","0.26","92","0.17","0.87","0.22","76","0.14","1.47","0.28"
"113","Zay Jones","ARZ","WR","8","2025","163","0.10","1.12","0.19","38","0.11","0.39","0.09","117","0.09","1.44","0.23","84","0.12","0.76","0.15","79","0.08","1.51","0.23"
"114","Pat Bryant","DEN","WR","11","2025","161","0.14","1.43","0.27","33","0.06","0.21","0.05","122","0.16","1.84","0.35","90","0.12","0.93","0.15","71","0.15","2.07","0.43"
"115","DeMario Douglas","NE","WR","11","2025","159","0.21","2.09","0.47","43","0.30","5.19","1.03","111","0.16","0.94","0.26","92","0.23","3.04","0.54","67","0.18","0.78","0.36"
"116","Jordan Whittington","LA","WR","10","2025","159","0.11","0.82","0.17","51","0.08","0.14","0.05","101","0.14","1.22","0.23","94","0.14","1.15","0.22","65","0.08","0.34","0.08"
"117","Dawson Knox","BUF","TE","10","2025","157","0.13","1.13","0.23","49","0.12","0.16","0.04","107","0.13","1.59","0.33","104","0.13","1.33","0.27","53","0.13","0.75","0.17"
"118","Greg Dortch","ARZ","WR","10","2025","157","0.14","0.89","0.35","32","0.13","1.16","0.43","115","0.16","0.89","0.29","79","0.13","0.80","0.27","78","0.15","0.97","0.33"
"119","Pat Freiermuth","PIT","TE","10","2025","156","0.18","1.79","0.44","51","0.12","0.80","0.14","94","0.21","2.35","0.55","63","0.17","1.30","0.26","93","0.18","2.12","0.57"
"120","Jaylin Lane","WAS","WR","11","2025","153","0.19","1.47","0.26","51","0.22","2.47","0.36","99","0.18","1.00","0.20","95","0.20","1.42","0.24","58","0.17","1.55","0.28"
"121","Nick Westbrook-Ikhine","MIA","WR","11","2025","153","0.11","0.58","0.13","27","0.04","","0.00","120","0.13","0.74","0.17","89","0.10","0.38","0.09","64","0.13","0.86","0.18"
"122","Marvin Mims","DEN","WR","9","2025","153","0.21","1.53","0.41","33","0.24","4.09","0.80","116","0.21","0.85","0.21","78","0.19","2.06","0.42","75","0.23","0.97","0.24"
"123","Josh Reynolds","NYJ","WR","5","2025","153","0.14","0.66","0.15","31","0.16","0.74","0.17","120","0.13","0.65","0.13","70","0.16","0.96","0.20","83","0.12","0.41","0.09"
"124","Ricky Pearsall","SF","WR","5","2025","152","0.20","2.15","0.35","27","0.19","3.93","0.58","115","0.22","1.92","0.33","63","0.27","3.87","0.59","89","0.16","0.93","0.18"
"125","Christian Kirk","HST","WR","6","2025","150","0.19","0.96","0.20","41","0.24","0.90","0.21","102","0.16","0.99","0.20","74","0.22","1.53","0.31","76","0.16","0.41","0.09"
"126","Tre Harris","LAC","WR","11","2025","150","0.13","0.91","0.24","44","0.07","0.25","0.07","101","0.15","1.19","0.25","74","0.11","0.58","0.14","76","0.14","1.24","0.33"
"127","Noah Fant","CIN","TE","9","2025","148","0.22","1.73","0.48","35","0.06","0.26","0.25","108","0.28","2.28","0.51","56","0.18","1.61","0.41","92","0.25","1.80","0.53"
"128","Calvin Ridley","TEN","WR","7","2025","148","0.23","2.05","0.32","38","0.11","2.05","0.28","105","0.28","2.14","0.35","78","0.19","1.87","0.29","70","0.27","2.24","0.35"
"129","Tyler Higbee","LA","TE","9","2025","147","0.20","1.29","0.35","54","0.24","1.00","0.47","89","0.18","1.53","0.29","84","0.20","1.17","0.25","63","0.21","1.46","0.48"
"130","Ja'Tavion Sanders","CAR","TE","8","2025","147","0.20","1.16","0.28","35","0.11","0.34","0.12","101","0.24","1.50","0.35","74","0.15","0.57","0.15","73","0.25","1.75","0.41"
"131","David Sills","ATL","WR","10","2025","146","0.05","0.23","0.05","42","0.07","","0.00","101","0.05","0.34","0.07","72","0.06","0.15","0.03","74","0.05","0.31","0.07"
"132","Noah Gray","KC","TE","10","2025","145","0.14","0.74","0.16","39","0.26","0.90","0.27","99","0.10","0.73","0.13","76","0.17","0.61","0.17","69","0.12","0.88","0.16"
"133","Hunter Renfrow","CAR","WR","6","2025","143","0.16","0.62","0.25","38","0.18","0.58","0.51","99","0.14","0.51","0.13","74","0.18","0.64","0.24","69","0.14","0.61","0.26"
"134","Demarcus Robinson","SF","WR","8","2025","143","0.16","1.08","0.21","29","0.17","1.03","0.17","109","0.15","1.15","0.21","70","0.14","0.73","0.13","73","0.18","1.42","0.25"
"135","Kalif Raymond","DET","WR","10","2025","142","0.12","0.80","0.18","36","0.08","0.31","0.09","104","0.13","0.98","0.20","66","0.08","0.27","0.07","76","0.16","1.25","0.26"
"136","KaVontae Turpin","DAL","WR","8","2025","142","0.17","1.30","0.30","39","0.26","1.31","0.41","98","0.14","1.36","0.25","66","0.21","1.83","0.35","76","0.13","0.83","0.23"
"137","Gunnar Helm","TEN","TE","10","2025","140","0.21","1.54","0.37","29","0.14","0.90","0.40","105","0.22","1.81","0.38","68","0.21","1.71","0.35","72","0.21","1.39","0.39"
"138","George Kittle","SF","TE","6","2025","140","0.21","1.79","0.58","27","0.26","2.81","0.95","104","0.20","1.58","0.46","67","0.27","2.46","0.74","73","0.16","1.18","0.45"
"139","Dontayvion Wicks","GB","WR","8","2025","138","0.20","1.31","0.26","39","0.31","1.67","0.35","95","0.17","1.22","0.24","63","0.27","1.71","0.35","75","0.15","0.97","0.19"
"140","Tyler Johnson","NYJ","WR","9","2025","138","0.10","1.36","0.25","34","0.03","0.44","0.25","99","0.13","1.74","0.26","73","0.07","0.97","0.14","65","0.14","1.78","0.38"
"141","Michael Mayer","LV","TE","8","2025","134","0.23","1.25","0.33","28","0.25","2.00","0.41","101","0.23","1.07","0.25","65","0.22","1.52","0.31","69","0.25","1.00","0.35"
"142","Dalton Kincaid","BUF","TE","8","2025","133","0.27","3.37","0.74","44","0.27","3.05","0.60","86","0.28","3.65","0.83","76","0.26","3.49","0.73","57","0.28","3.21","0.74"
"143","Jaylin Noel","HST","WR","10","2025","129","0.19","1.62","0.36","39","0.23","0.85","0.39","87","0.18","2.02","0.35","64","0.17","1.39","0.26","65","0.22","1.85","0.45"
"144","Jamari Thrash","CLV","WR","9","2025","128","0.11","0.84","0.16","51","0.10","0.69","0.15","73","0.11","0.68","0.14","69","0.13","1.04","0.21","59","0.08","0.59","0.11"
"145","Ray-Ray McCloud","ATL, NYG","WR","6","2025","128","0.10","0.54","0.11","29","0.10","0.48","0.08","95","0.11","0.58","0.12","67","0.07","-0.03","0.03","61","0.13","1.16","0.20"
"146","Ryan Flournoy","DAL","WR","9","2025","127","0.18","1.57","0.41","37","0.19","2.05","0.50","83","0.19","1.49","0.37","62","0.18","1.65","0.39","65","0.18","1.51","0.38"
"147","Malik Nabers","NYG","WR","4","2025","127","0.25","2.13","0.45","26","0.27","2.73","0.47","91","0.26","2.20","0.49","43","0.35","3.00","0.53","84","0.20","1.69","0.41"
"148","Tory Horton","SEA","WR","8","2025","126","0.17","1.28","0.47","36","0.22","2.06","0.68","88","0.16","0.99","0.39","66","0.24","1.53","0.64","60","0.10","1.00","0.28"
"149","Austin Hooper","NE","TE","10","2025","125","0.12","1.39","0.29","20","0.10","1.60","0.26","100","0.13","1.42","0.31","70","0.14","1.53","0.35","55","0.09","1.22","0.21"
"150","Roman Wilson","PIT","WR","10","2025","121","0.14","1.37","0.33","42","0.17","2.71","0.53","71","0.14","0.73","0.24","52","0.10","1.25","0.18","69","0.17","1.46","0.44"
"151","Isaiah Likely","BLT","TE","7","2025","121","0.13","0.98","0.20","30","0.13","0.53","0.12","88","0.13","1.16","0.23","62","0.13","1.24","0.24","59","0.14","0.69","0.15"
"152","Josh Palmer","BUF","WR","7","2025","118","0.21","2.13","0.35","47","0.23","2.62","0.43","67","0.19","1.72","0.28","71","0.23","2.27","0.37","47","0.19","1.91","0.32"
"153","Elijah Arroyo","SEA","TE","10","2025","117","0.19","1.49","0.31","24","0.17","1.50","0.48","86","0.19","1.59","0.28","53","0.17","1.47","0.37","64","0.20","1.50","0.26"
"154","Jalen Coker","CAR","WR","5","2025","116","0.12","1.02","0.21","34","0.21","1.88","0.36","74","0.09","0.73","0.14","59","0.15","1.46","0.28","57","0.09","0.56","0.11"
"155","Daniel Bellinger","NYG","TE","10","2025","114","0.13","1.77","0.34","39","0.08","0.74","0.13","73","0.16","2.37","0.46","66","0.15","2.38","0.45","48","0.10","0.94","0.18"
"156","Elijah Higgins","ARZ","TE","10","2025","114","0.17","1.42","0.27","19","0.21","0.95","0.20","90","0.16","1.54","0.30","51","0.10","0.53","0.15","63","0.22","2.14","0.37"
"157","DeAndre Hopkins","BLT","WR","10","2025","114","0.19","1.92","0.41","51","0.24","2.61","0.52","61","0.16","1.41","0.34","62","0.24","2.58","0.50","52","0.13","1.13","0.31"
"158","Adam Thielen","MIN","WR","10","2025","113","0.15","0.61","0.15","41","0.10","0.63","0.11","70","0.19","0.61","0.15","67","0.15","0.79","0.17","46","0.15","0.35","0.08"
"159","Kyle Williams","NE","WR","11","2025","112","0.10","0.82","0.16","27","0.15","2.67","0.53","82","0.09","0.24","0.05","63","0.10","1.14","0.23","49","0.10","0.41","0.08"
"160","Brenton Strange","JAX","TE","5","2025","110","0.22","1.85","0.37","21","0.33","3.05","0.64","86","0.20","1.63","0.31","68","0.21","1.85","0.35","42","0.24","1.86","0.40"
"161","Tutu Atwell","LA","WR","6","2025","108","0.08","1.52","0.24","39","0.10","2.36","0.44","68","0.07","1.06","0.14","64","0.11","1.97","0.34","44","0.05","0.86","0.11"
"162","Hunter Long","JAX","TE","8","2025","108","0.15","0.79","0.30","22","0.18","1.00","0.24","79","0.14","0.75","0.25","59","0.15","0.64","0.27","49","0.14","0.96","0.34"
"163","Rashee Rice","KC","WR","4","2025","107","0.33","2.36","0.72","31","0.23","0.87","0.64","66","0.36","3.26","0.69","54","0.28","1.13","0.50","53","0.38","3.62","0.80"
"164","Darnell Washington","PIT","TE","10","2025","107","0.24","1.95","0.44","24","0.29","1.83","0.60","71","0.21","1.76","0.33","52","0.29","2.48","0.44","55","0.20","1.45","0.40"
"165","Devaughn Vele","NO","WR","9","2025","106","0.12","0.51","0.16","18","0.17","0.56","0.11","84","0.10","0.49","0.10","48","0.08","0.13","0.03","58","0.16","0.83","0.27"
"166","Christian Watson","GB","WR","4","2025","105","0.16","2.23","0.45","31","0.19","2.77","0.83","70","0.16","2.11","0.31","53","0.19","2.72","0.54","52","0.13","1.73","0.37"
"167","Terry McLaurin","WAS","WR","4","2025","105","0.20","1.93","0.37","33","0.24","0.97","0.16","68","0.18","2.35","0.38","59","0.27","2.41","0.39","46","0.11","1.33","0.35"
"168","Luke Musgrave","GB","TE","10","2025","105","0.14","1.05","0.23","22","0.09","0.41","0.09","78","0.17","1.29","0.28","54","0.11","0.93","0.19","51","0.18","1.18","0.27"
"169","Allen Lazard","NYJ","WR","6","2025","104","0.11","0.43","0.17","15","0.07","0.20","0.09","86","0.10","0.49","0.19","53","0.17","0.72","0.30","51","0.04","0.14","0.03"
"170","Luther Burden","CHI","WR","9","2025","102","0.23","2.44","0.50","17","0.18","2.76","0.45","81","0.22","2.41","0.50","53","0.21","3.30","0.63","49","0.24","1.51","0.33"
"171","Mike Evans","TB","WR","4","2025","101","0.31","1.39","0.34","24","0.29","0.88","0.46","75","0.32","1.59","0.31","50","0.32","1.34","0.41","51","0.29","1.43","0.26"
"172","Luke McCaffrey","WAS","WR","9","2025","96","0.16","2.11","0.53","28","0.14","-0.07","0.03","66","0.15","3.03","0.62","61","0.11","1.61","0.52","35","0.23","3.00","0.50"
"173","Tanner Conner","MIA","TE","9","2025","96","0.16","0.95","0.19","22","0.18","0.64","0.11","68","0.15","0.94","0.20","41","0.17","0.83","0.16","55","0.15","1.04","0.21"
"174","Casey Washington","ATL","WR","7","2025","95","0.15","0.99","0.16","26","0.27","1.00","0.18","64","0.11","1.06","0.17","54","0.11","0.48","0.09","41","0.20","1.66","0.26"
"175","Tyreek Hill","MIA","WR","4","2025","94","0.31","2.82","0.57","20","0.30","1.70","0.72","70","0.30","3.20","0.53","29","0.34","3.79","0.59","65","0.29","2.38","0.56"
"176","Luke Farrell","SF","TE","11","2025","94","0.11","0.87","0.31","5","","","0.00","83","0.10","0.75","0.16","41","0.12","1.00","0.22","53","0.09","0.77","0.38"
"177","Tyrell Shavers","BUF","WR","10","2025","94","0.18","1.83","0.36","24","0.13","1.04","0.19","68","0.21","2.16","0.44","64","0.16","1.50","0.26","30","0.23","2.53","0.59"
"178","Drew Sample","CIN","TE","10","2025","94","0.06","0.26","0.14","23","0.04","","0.00","69","0.06","0.29","0.09","44","0.07","0.11","0.06","50","0.06","0.38","0.22"
"179","Jalin Hyatt","NYG","WR","7","2025","93","0.14","0.38","0.09","30","0.13","0.57","0.16","61","0.15","0.30","0.06","55","0.13","0.38","0.11","38","0.16","0.37","0.06"
"180","Isaac TeSlaa","DET","WR","10","2025","93","0.09","0.70","0.24","28","0.18","0.43","0.29","61","0.05","0.87","0.23","54","0.13","1.00","0.38","39","0.03","0.28","0.05"
"181","Brycen Tremayne","CAR","WR","10","2025","92","0.15","1.45","0.28","23","0.04","","0.00","62","0.21","2.15","0.41","44","0.14","1.61","0.28","48","0.17","1.29","0.28"
"182","Jeremy Ruckert","NYJ","TE","10","2025","88","0.18","1.35","0.36","20","0.15","0.80","0.18","67","0.19","1.54","0.42","49","0.24","1.61","0.49","39","0.10","1.03","0.21"
"183","Mike Gesicki","CIN","TE","6","2025","86","0.19","0.71","0.16","23","0.26","0.09","0.10","62","0.16","0.95","0.19","27","0.19","0.22","0.06","59","0.19","0.93","0.21"
"184","Luke Schoonmaker","DAL","TE","10","2025","84","0.18","0.75","0.17","17","0.06","0.65","0.12","65","0.22","0.80","0.19","37","0.22","0.22","0.08","47","0.15","1.17","0.24"
"185","Adam Trautman","DEN","TE","11","2025","83","0.14","1.12","0.32","10","0.20","0.40","0.84","69","0.14","1.29","0.26","40","0.18","1.78","0.35","43","0.12","0.51","0.28"
"186","Brock Wright","DET","TE","10","2025","83","0.17","0.95","0.37","14","0.14","1.57","0.30","67","0.16","0.81","0.29","47","0.17","1.06","0.36","36","0.17","0.81","0.39"
"187","Johnny Mundt","JAX","TE","10","2025","83","0.17","1.00","0.18","15","0.13","1.40","0.21","65","0.18","0.95","0.19","48","0.13","0.77","0.14","35","0.23","1.31","0.25"
"188","Lil'Jordan Humphrey","NYG, DEN","WR","4","2025","82","0.10","0.67","0.12","38","0.11","0.16","0.04","43","0.09","1.14","0.18","51","0.06","0.78","0.12","31","0.16","0.48","0.11"
"189","Mitchell Evans","CAR","TE","11","2025","81","0.14","1.46","0.43","12","0.08","0.17","0.60","66","0.14","1.70","0.31","45","0.13","1.18","0.38","36","0.14","1.81","0.49"
"190","Adonai Mitchell","IND, NYJ","WR","9","2025","81","0.26","2.00","0.31","18","0.50","2.89","0.51","63","0.19","1.75","0.25","38","0.34","3.34","0.44","43","0.19","0.81","0.20"
"191","Marquez Valdes-Scantling","SF","WR","5","2025","81","0.10","0.49","0.10","16","0.06","","0.00","62","0.11","0.65","0.13","34","0.03","0.09","0.04","47","0.15","0.79","0.14"
"192","Elijah Moore","BUF","WR","8","2025","79","0.18","1.46","0.35","18","0.22","2.67","0.43","59","0.17","1.14","0.20","53","0.17","1.53","0.25","26","0.19","1.31","0.25"
"193","Davis Allen","LA","TE","10","2025","78","0.21","1.33","0.53","24","0.33","1.17","0.87","51","0.16","1.49","0.40","40","0.25","1.55","0.51","38","0.16","1.11","0.56"
"194","Mo Alie-Cox","IND","TE","10","2025","77","0.10","0.65","0.12","15","0.07","","0.00","62","0.11","0.81","0.15","30","0.17","0.47","0.11","47","0.06","0.77","0.12"
"195","Malik Heath","GB","WR","9","2025","77","0.08","1.12","0.19","24","0.13","1.21","0.25","51","0.06","1.12","0.17","53","0.11","1.62","0.28","24","","","0.00"
"196","Curtis Samuel","BUF","WR","6","2025","76","0.11","1.07","0.28","20","0.15","1.00","0.55","55","0.09","1.11","0.18","45","0.16","1.67","0.43","31","0.03","0.19","0.05"
"197","Jack Bech","LV","WR","10","2025","75","0.13","1.23","0.23","19","0.21","1.74","0.28","54","0.11","1.09","0.22","30","0.20","1.73","0.34","45","0.09","0.89","0.16"
"198","Tylan Wallace","BLT","WR","10","2025","71","0.10","0.63","0.20","29","0.14","0.86","0.36","41","0.07","0.49","0.10","36","0.14","0.86","0.34","35","0.06","0.40","0.07"
"199","Tim Patrick","JAX","WR","9","2025","70","0.14","1.19","0.39","22","0.05","0.05","0.32","45","0.20","1.82","0.45","44","0.14","1.43","0.37","26","0.15","0.77","0.42"
"200","Darren Waller","MIA","TE","4","2025","69","0.17","1.70","0.66","14","0.29","2.36","1.38","50","0.12","1.46","0.23","30","0.07","0.20","0.05","39","0.26","2.85","1.13"
"201","John Bates","WAS","TE","9","2025","69","0.13","0.90","0.18","18","0.11","0.28","0.08","48","0.15","1.19","0.22","44","0.11","0.55","0.12","25","0.16","1.52","0.27"
"202","Colby Parkinson","LA","TE","8","2025","69","0.25","1.78","0.56","12","0.33","2.50","1.08","56","0.21","1.79","0.46","33","0.21","1.79","0.72","36","0.28","1.78","0.40"
"203","Charlie Kolar","BLT","TE","10","2025","69","0.13","1.28","0.40","22","0.14","0.59","0.70","45","0.13","1.67","0.28","42","0.12","1.07","0.18","27","0.15","1.59","0.75"
"204","Julian Hill","MIA","TE","8","2025","66","0.21","1.38","0.33","5","0.20","3.80","0.58","58","0.22","1.24","0.30","32","0.25","1.94","0.38","34","0.18","0.85","0.23"
"205","Chris Godwin","TB","WR","2","2025","64","0.20","0.81","0.18","17","0.18","0.47","0.11","45","0.20","0.98","0.21","40","0.15","0.38","0.09","24","0.29","1.54","0.32"
"206","Charlie Woerner","ATL","TE","10","2025","63","0.03","0.14","0.05","11","0.09","-0.45","0.05","51","0.02","0.27","0.05","30","","","0.00","33","0.06","0.27","0.09"
"207","Tyler Conklin","LAC","TE","8","2025","61","0.15","1.56","0.26","22","0.18","0.68","0.16","38","0.11","1.55","0.23","37","0.16","1.86","0.29","24","0.13","1.08","0.19"
"208","Grant Calcaterra","PHI","TE","8","2025","59","0.12","0.68","0.14","21","0.19","1.90","0.38","37","0.08","","0.00","22","0.18","1.55","0.29","37","0.08","0.16","0.04"
"209","Xavier Weaver","ARZ","WR","4","2025","57","0.07","0.26","0.06","8","","","0.00","45","0.09","0.33","0.08","31","0.10","0.19","0.05","26","0.04","0.35","0.07"
"210","Greg Dulcich","MIA","TE","4","2025","56","0.21","1.59","0.30","6","0.17","3.67","0.53","45","0.24","1.49","0.30","29","0.24","1.59","0.30","27","0.19","1.59","0.31"
"211","John FitzPatrick","GB","TE","10","2025","54","0.11","0.54","0.28","15","0.13","0.47","0.18","39","0.10","0.56","0.31","30","0.10","0.40","0.34","24","0.13","0.71","0.20"
"212","Terrance Ferguson","LA","TE","7","2025","53","0.21","2.60","0.47","21","0.14","3.33","0.76","32","0.25","2.13","0.28","37","0.16","2.89","0.40","16","0.31","1.94","0.63"
"213","Skyy Moore","SF","WR","11","2025","52","0.12","1.23","0.20","12","0.17","3.25","0.49","39","0.10","0.64","0.12","22","0.14","2.45","0.38","30","0.10","0.33","0.07"
"214","Tanner Hudson","CIN","TE","6","2025","52","0.23","1.60","0.47","23","0.09","1.30","0.22","23","0.30","1.87","0.45","15","0.13","2.00","0.33","37","0.27","1.43","0.52"
"215","Gage Larvadain","CLV","WR","6","2025","51","0.10","0.43","0.09","15","0.27","1.47","0.28","32","0.03","","0.01","23","0.09","0.35","0.08","28","0.11","0.50","0.10"
"216","Ashton Dulin","IND","WR","9","2025","51","0.14","1.14","0.28","10","0.20","2.00","0.30","40","0.13","0.95","0.17","32","0.13","1.47","0.24","19","0.16","0.58","0.11"
"217","Jackson Hawes","BUF","TE","10","2025","50","0.22","2.26","0.63","11","0.36","4.73","1.29","37","0.16","1.24","0.39","28","0.18","1.36","0.28","22","0.27","3.41","1.07"
"218","Xavier Smith","LA","WR","10","2025","50","0.18","1.70","0.31","15","0.20","2.07","0.41","35","0.17","1.54","0.27","29","0.17","1.52","0.32","21","0.19","1.95","0.29"
"219","Isaiah Williams","NYJ","WR","8","2025","48","0.15","0.77","0.24","20","0.10","0.75","0.18","28","0.18","0.79","0.19","29","0.14","1.03","0.21","19","0.16","0.37","0.14"
"220","Trent Sherfield","DEN","WR","10","2025","47","0.09","0.45","0.11","4","","","0.00","41","0.10","0.51","0.12","22","0.05","0.14","0.06","25","0.12","0.72","0.15"
"221","Konata Mumpfield","LA","WR","10","2025","45","0.09","0.27","0.20","14","0.21","0.36","0.54","31","0.03","0.23","0.05","29","0.14","0.41","0.32","16","","","0.00"
"222","Jimmy Horn","CAR","WR","7","2025","42","0.21","1.57","0.40","10","0.40","2.50","0.45","31","0.16","1.32","0.26","22","0.27","2.95","0.52","20","0.15","0.05","0.06"
"223","Beaux Collins","NYG","WR","9","2025","42","0.14","0.60","0.11","12","0.17","","0.00","28","0.11","0.89","0.16","24","0.17","1.04","0.19","18","0.11","","0.00"
"224","Ben Sinnott","WAS","TE","10","2025","42","0.07","0.79","0.29","9","0.11","0.44","0.82","33","0.06","0.88","0.15","27","0.11","1.22","0.46","15","","","0.00"
"225","Dee Eskridge","MIA","WR","9","2025","41","0.15","1.51","0.25","6","0.17","","0.00","34","0.15","1.82","0.30","19","0.16","0.74","0.18","22","0.14","2.18","0.31"
"226","Braxton Berrios","HST","WR","4","2025","40","0.20","0.93","0.24","5","0.40","2.80","0.68","34","0.18","0.68","0.19","17","0.29","2.24","0.52","23","0.13","-0.04","0.04"
"227","Durham Smythe","CHI","TE","10","2025","39","0.08","0.21","0.05","7","","","0.00","32","0.09","0.25","0.06","21","0.05","","0.00","18","0.11","0.44","0.10"
"228","Robbie Chosen","WAS","WR","3","2025","39","0.23","1.36","0.26","17","0.24","0.76","0.14","21","0.24","1.90","0.38","28","0.21","1.29","0.27","11","0.27","1.55","0.25"
"229","Tucker Fisk","LAC","TE","9","2025","39","0.08","0.49","0.10","7","0.14","","0.00","28","0.07","0.68","0.14","24","0.08","0.50","0.09","15","0.07","0.47","0.11"
"230","Will Dissly","LAC","TE","4","2025","39","0.13","1.10","0.21","11","0.27","2.91","0.47","27","0.07","0.41","0.11","21","0.14","1.52","0.25","18","0.11","0.61","0.17"
"231","Savion Williams","GB","WR","10","2025","38","0.26","2.05","0.67","9","0.11","0.89","0.87","28","0.32","2.50","0.57","20","0.20","0.45","0.25","18","0.33","3.83","1.05"
"232","Nate Adkins","DEN","TE","6","2025","37","0.24","1.30","0.45","4","0.25","","0.00","29","0.24","1.66","0.58","18","0.17","0.78","0.19","19","0.32","1.79","0.71"
"233","Mitchell Tinsley","CIN","WR","10","2025","37","0.16","1.32","0.38","9","0.11","","0.00","22","0.14","1.64","0.25","18","0.17","1.50","0.21","19","0.16","1.16","0.54"
"234","Harrison Bryant","HST","TE","8","2025","37","0.16","0.19","0.07","5","0.40","0.40","0.24","29","0.14","0.17","0.05","20","0.20","0.35","0.14","17","0.12","","0.00"
"235","John Metchie","PHI, NYJ","WR","9","2025","37","0.22","1.78","0.54","13","0.23","3.31","1.02","24","0.21","0.96","0.30","20","0.15","1.30","0.28","17","0.29","2.35","0.88"
"236","Noah Brown","WAS","WR","2","2025","37","0.19","0.97","0.18","14","0.14","","0.00","22","0.23","1.64","0.30","21","0.19","1.29","0.22","16","0.19","0.56","0.12"
"237","Andrew Ogletree","IND","TE","10","2025","37","0.03","","0.00","4","","","0.00","33","0.03","","0.00","15","","","0.00","22","0.05","","0.00"
"238","Kylen Granson","PHI","TE","10","2025","36","0.11","0.28","0.11","11","0.09","","0.00","24","0.13","0.42","0.17","16","0.19","0.56","0.18","20","0.05","0.05","0.06"
"239","David Moore","CAR","WR","4","2025","36","0.03","0.14","0.08","5","","","0.00","31","0.03","0.16","0.05","26","0.04","0.19","0.06","10","","","0.00"
"240","Josh Oliver","MIN","TE","8","2025","36","0.19","1.61","0.66","10","0.40","3.20","1.22","21","0.14","1.24","0.55","17","0.24","0.71","0.60","19","0.16","2.42","0.72"
"241","Ben Skowronek","PIT","WR","10","2025","36","0.08","0.97","0.32","11","","","0.00","23","0.09","1.52","0.50","19","0.11","1.84","0.61","17","0.06","","0.00"
"242","KhaDarel Hodge","ATL","WR","9","2025","35","0.29","0.89","0.17","12","0.25","0.67","0.15","22","0.32","1.05","0.20","15","0.27","1.60","0.29","20","0.30","0.35","0.09"
"243","Kameron Johnson","TB","WR","10","2025","35","0.17","1.83","0.51","10","0.40","3.40","1.14","25","0.08","1.20","0.20","21","0.24","3.05","0.78","14","0.07","","0.00"
"244","Scott Miller","PIT","WR","7","2025","35","0.06","0.26","0.05","11","0.09","","0.00","23","0.04","0.39","0.08","21","0.05","0.43","0.09","14","0.07","","0.00"
"245","Foster Moreau","NO","TE","6","2025","33","0.15","0.76","0.17","6","0.17","","0.00","27","0.15","0.93","0.20","19","0.16","0.53","0.11","14","0.14","1.07","0.25"
"246","Ian Thomas","LV","TE","10","2025","33","0.18","1.61","0.34","7","","","0.00","23","0.26","2.30","0.49","16","0.19","2.44","0.43","17","0.18","0.82","0.26"
"247","Mason Kinsey","TEN","WR","4","2025","32","0.09","0.44","0.08","6","0.17","2.33","0.40","24","0.08","","0.00","14","0.14","1.00","0.17","18","0.06","","0.00"
"248","KeAndre Lambert-Smith","LAC","WR","6","2025","32","0.13","0.03","0.03","8","","","0.00","23","0.17","0.04","0.05","14","0.14","","0.00","18","0.11","0.06","0.06"
"249","Brevyn Spann-Ford","DAL","TE","10","2025","32","0.16","0.56","0.18","6","","","0.00","24","0.21","0.75","0.24","14","0.21","1.14","0.33","18","0.11","0.11","0.07"
"250","Tip Reiman","ARZ","TE","4","2025","32","0.16","0.56","0.15","4","","","0.00","27","0.19","0.67","0.18","11","0.18","0.91","0.18","21","0.14","0.38","0.13"
"251","Justin Watson","HST","WR","2","2025","31","0.13","0.97","0.19","13","0.23","1.38","0.29","18","0.06","0.67","0.12","20","0.10","0.75","0.13","11","0.18","1.36","0.32"
"252","Blake Whiteheart","CLV","TE","9","2025","29","0.10","0.14","0.08","9","0.11","0.44","0.16","20","0.10","","0.05","15","0.20","0.27","0.16","14","","","0.00"
"253","Payne Durham","TB","TE","10","2025","27","0.07","","0.00","5","","","0.00","22","0.09","","0.00","13","0.08","","0.00","14","0.07","","0.00"
"254","Jack Stoll","NO","TE","9","2025","26","0.23","1.08","0.45","4","","","0.00","22","0.27","1.27","0.54","10","0.20","","0.00","16","0.25","1.75","0.74"
"255","Treylon Burks","WAS","WR","2","2025","26","0.15","2.77","0.43","6","0.17","6.17","0.78","20","0.15","1.75","0.33","13","0.23","4.92","0.72","13","0.08","0.62","0.14"
"256","Lucas Krull","DEN","TE","3","2025","26","0.15","0.58","0.13","1","","","0.00","24","0.17","0.63","0.15","14","0.14","","0.00","12","0.17","1.25","0.29"
"257","Cody White","SEA","WR","4","2025","26","0.08","2.31","0.50","10","0.10","","0.00","14","0.07","4.29","0.93","17","0.12","3.53","0.76","9","","","0.00"
"258","Malachi Corley","CLV","WR","6","2025","25","0.20","1.04","0.56","5","","","0.00","20","0.25","1.30","0.33","14","0.29","0.64","0.28","11","0.09","1.55","0.25"
"259","Quintin Morris","JAX","TE","6","2025","25","0.08","0.44","0.08","7","","","0.00","17","0.12","0.65","0.12","14","0.07","","0.00","11","0.09","1.00","0.19"
"260","Anthony Gould","IND","WR","8","2025","24","0.04","0.13","0.05","6","","","0.00","17","0.06","0.18","0.08","5","","","0.00","19","0.05","0.16","0.07"
"261","Austin Trammell","JAX","WR","3","2025","24","0.21","1.92","0.32","8","0.38","2.25","0.35","16","0.13","1.75","0.30","18","0.28","2.56","0.42","6","","","0.00"
"262","Isaiah Hodgins","NYG","WR","1","2025","24","0.25","2.38","0.45","6","0.33","0.67","0.23","17","0.24","3.12","0.55","19","0.26","1.95","0.41","5","0.20","4.00","0.60"
"263","Robert Tonyan","KC","TE","10","2025","23","0.04","0.04","0.05","1","","","0.00","22","0.05","0.05","0.05","11","0.09","0.09","0.10","12","","","0.00"
"264","Albert Okwuegbunam","LV","TE","1","2025","23","0.26","1.57","0.37","10","0.10","0.50","0.15","13","0.38","2.38","0.55","13","0.23","1.62","0.32","10","0.30","1.50","0.45"
"265","Gunner Olszewski","NYG","WR","11","2025","22","0.14","1.09","0.43","8","","","0.00","14","0.21","1.71","0.67","11","0.09","2.18","0.85","11","0.18","","0.00"
"266","Simi Fehoko","ARZ","WR","7","2025","21","","","0.00","4","","","0.00","13","","","0.00","13","","","0.00","8","","","0.00"
"267","Ryan Miller","TB","WR","10","2025","21","0.19","1.62","0.54","4","","","0.00","17","0.24","2.00","0.67","6","0.17","","0.00","15","0.20","2.27","0.76"
"268","Darius Cooper","PHI","WR","6","2025","20","","","0.00","7","","","0.00","13","","","0.00","11","","","0.00","9","","","0.00"
"269","Russell Gage","SF","WR","1","2025","19","","","0.00","5","","","0.00","10","","","0.00","9","","","0.00","10","","","0.00"
"270","Eric Saubert","SEA","TE","7","2025","19","0.05","0.63","0.12","4","","","0.00","15","0.07","0.80","0.15","10","0.10","1.20","0.22","9","","","0.00"
"271","Devontez Walker","BLT","WR","5","2025","19","0.16","3.16","1.11","6","0.33","4.33","2.77","13","0.08","2.62","0.34","11","0.18","5.27","1.25","8","0.13","0.25","0.90"
"272","Taysom Hill","NO","TE","6","2025","19","0.21","0.95","0.88","2","","","0.00","17","0.24","1.06","0.33","9","0.11","0.56","0.17","10","0.30","1.30","0.41"
"273","Cade Stover","HST","TE","2","2025","19","0.21","1.16","0.33","4","","","0.00","15","0.27","1.47","0.41","11","0.18","1.45","0.33","8","0.25","0.75","0.33"
"274","Cedrick Wilson","MIA","WR","4","2025","18","0.11","0.50","0.16","3","0.33","2.33","0.57","13","0.08","0.15","0.09","9","","","0.00","9","0.22","1.00","0.32"
"275","Derius Davis","LAC","WR","8","2025","18","0.11","0.17","0.10","5","","","0.00","12","0.17","0.25","0.11","11","0.18","0.27","0.12","7","","","0.00"
"276","Mason Tipton","NO","WR","8","2025","17","0.12","","0.00","2","","","0.00","15","0.13","","0.00","8","","","0.00","9","0.22","","0.00"
"277","Jake Bobo","SEA","WR","6","2025","16","0.13","1.25","0.25","3","","","0.00","13","0.15","1.54","0.31","9","0.11","1.89","0.30","7","0.14","0.43","0.19"
"278","Bo Melton","GB","WR","2","2025","16","0.31","1.75","0.41","0","","","0.00","16","0.31","1.75","0.30","7","0.29","2.57","0.40","9","0.33","1.11","0.22"
"279","Jared Wayne","HST","WR","1","2025","14","0.14","1.43","0.29","2","","","0.00","12","0.17","1.67","0.33","9","0.22","2.22","0.44","5","","","0.00"
"280","Tahj Washington","MIA","WR","4","2025","14","0.14","0.79","0.08","2","","","0.00","12","0.17","0.92","0.09","7","","","0.00","7","0.29","1.57","0.16"
"281","Gabe Davis","BUF","WR","1","2025","14","0.29","2.86","0.50","8","0.38","2.25","0.48","6","0.17","3.67","0.53","10","0.40","4.00","0.70","4","","","0.00"
"282","Jayden Reed","GB","WR","2","2025","14","0.36","3.21","0.96","9","0.22","1.89","0.97","5","0.60","5.60","0.96","9","0.22","1.89","0.97","5","0.60","5.60","0.96"
"283","Tay Martin","WAS","WR","3","2025","12","0.17","1.92","0.36","4","","","0.00","8","0.25","2.88","0.54","9","0.22","2.56","0.48","3","","","0.00"
"284","Andre Baccellia","ARZ","WR","1","2025","12","0.08","0.42","0.13","0","","","0.00","11","0.09","0.45","0.14","6","","","0.00","6","0.17","0.83","0.25"
"285","Jordan Watkins","SF","WR","3","2025","12","0.25","2.17","0.38","2","0.50","9.50","1.45","7","0.14","","0.00","5","0.20","3.80","0.58","7","0.29","1.00","0.24"
"286","Josiah Deguara","ARZ","TE","5","2025","12","","","0.00","3","","","0.00","9","","","0.00","10","","","0.00","2","","","0.00"
"287","Ben Yurosek","MIN","TE","8","2025","12","0.17","0.42","0.13","2","","","0.00","10","0.20","0.50","0.15","5","","","0.00","7","0.29","0.71","0.21"
"288","Colson Yankoff","WAS","TE","9","2025","11","0.09","0.36","0.13","1","1.00","4.00","1.40","10","","","0.00","10","0.10","0.40","0.14","1","","","0.00"
"289","Thomas Fidone","NYG","TE","2","2025","11","","","0.00","2","","","0.00","9","","","0.00","6","","","0.00","5","","","0.00"
"290","James Mitchell","CAR","TE","3","2025","10","0.30","2.80","0.58","2","0.50","4.50","0.95","7","0.29","2.71","0.56","5","0.20","1.80","0.38","5","0.40","3.80","0.78"
"291","Josh Whyle","GB","TE","2","2025","10","0.10","0.20","0.72","3","0.33","0.67","2.40","7","","","0.00","3","","","0.00","7","0.14","0.29","1.03"
"292","Jason Brownlee","KC","WR","5","2025","10","0.10","","0.00","5","","","0.00","4","","","0.00","6","","","0.00","4","0.25","","0.00"
"293","Devin Duvernay","CHI","WR","10","2025","10","0.30","0.20","0.12","5","0.40","0.40","0.24","5","0.20","","0.00","6","0.33","0.33","0.20","4","0.25","","0.00"
"294","Dareke Young","SEA","WR","6","2025","9","0.22","5.33","0.76","1","","","0.00","8","0.25","6.00","0.85","5","0.40","9.60","1.36","4","","","0.00"
"295","Zaire Mitchell-Paden","BLT, NO","TE","7","2025","9","0.33","1.89","0.41","3","0.33","","0.00","6","0.33","2.83","0.62","8","0.25","0.38","0.16","1","1.00","14.00","2.40"
"296","James Proche","TEN","WR","2","2025","9","","","0.00","1","","","0.00","8","","","0.00","4","","","0.00","5","","","0.00"
"297","Chris Manhertz","NYG","TE","11","2025","9","0.11","0.78","0.19","3","","","0.00","6","0.17","1.17","0.28","4","","","0.00","5","0.20","1.40","0.34"
"298","David Martin-Robinson","TEN","TE","8","2025","9","0.11","0.11","0.79","1","","","0.00","7","","","0.00","3","","","0.00","6","0.17","0.17","1.18"
"299","Tim Jones","JAX, MIN","WR","4","2025","9","0.11","1.67","0.28","6","0.17","2.50","0.42","3","","","0.00","6","0.17","2.50","0.42","3","","","0.00"
"300","Alex Bachman","LV","WR","8","2025","9","0.22","1.00","0.21","3","0.67","3.00","0.63","6","","","0.00","5","0.40","1.80","0.38","4","","","0.00"
"301","Devin Culp","TB","TE","7","2025","8","","","0.00","1","","","0.00","7","","","0.00","2","","","0.00","6","","","0.00"
"302","Bryce Oliver","TEN","WR","2","2025","8","0.13","1.00","0.23","3","0.33","2.67","0.60","5","","","0.00","6","0.17","1.33","0.30","2","","","0.00"
"303","Connor Heyward","PIT","TE","10","2025","8","0.38","2.25","1.34","1","1.00","","0.00","4","0.25","1.50","0.40","1","","","0.00","7","0.43","2.57","1.40"
"304","Ross Dwelley","DET","TE","7","2025","7","0.14","","0.00","2","0.50","","0.00","5","","","0.00","4","0.25","","0.00","3","","","0.00"
"305","Michael Bandy","DEN","WR","2","2025","7","0.14","2.29","0.37","2","0.50","8.00","1.30","5","","","0.00","3","0.33","5.33","0.87","4","","","0.00"
"306","LaJohntay Wester","BLT","WR","9","2025","7","","","0.00","1","","","0.00","6","","","0.00","4","","","0.00","3","","","0.00"
"307","Efton Chism","NE","WR","5","2025","6","","","0.00","1","","","0.00","5","","","0.00","4","","","0.00","2","","","0.00"
"308","Tai Felton","MIN","WR","8","2025","6","0.17","1.50","0.32","2","0.50","4.50","0.95","4","","","0.00","3","0.33","3.00","0.63","3","","","0.00"
"309","Dalevon Campbell","CAR","WR","2","2025","5","","","0.00","1","","","0.00","4","","","0.00","2","","","0.00","3","","","0.00"
"310","Nikko Remigio","KC","WR","10","2025","5","0.20","4.20","0.84","3","","","0.00","2","0.50","10.50","1.55","4","0.25","5.25","0.78","1","","","0.00"
"311","Kevin Austin","NO","WR","1","2025","5","0.20","","0.00","1","1.00","","0.00","4","","","0.00","4","0.25","","0.00","1","","","0.00"
"312","Malik Turner","SF","WR","3","2025","5","","","0.00","3","","","0.00","2","","","0.00","3","","","0.00","2","","","0.00"
"313","Nick Vannett","MIN","TE","3","2025","5","","","0.00","1","","","0.00","2","","","0.00","4","","","0.00","1","","","0.00"
"314","Brayden Willis","SF","TE","5","2025","5","0.20","","0.00","1","","","0.00","3","0.33","","0.00","1","1.00","","0.00","4","","","0.00"
"315","Ke'Shawn Williams","PIT","WR","6","2025","4","","","0.00","1","","","0.00","3","","","0.00","2","","","0.00","2","","","0.00"
"316","Cam Grandy","CIN","TE","3","2025","4","0.25","1.50","0.40","1","","","0.00","2","0.50","3.00","0.80","0","","","0.00","4","0.25","1.50","0.40"
"317","Jalen Royals","KC","WR","4","2025","4","","","0.00","1","","","0.00","3","","","0.00","3","","","0.00","1","","","0.00"
"318","Will Mallory","IND","TE","1","2025","4","","","0.00","0","","","0.00","4","","","0.00","3","","","0.00","1","","","0.00"
"319","Travis Vokolek","ARZ","TE","3","2025","4","","","0.00","0","","","0.00","3","","","0.00","1","","","0.00","3","","","0.00"
"320","Brenden Bates","HST, CLV","TE","4","2025","4","0.50","5.75","1.08","0","","","0.00","4","0.50","5.75","1.08","3","0.67","7.67","1.43","1","","","0.00"
"321","Stephen Carlson","CHI","TE","2","2025","4","","","0.00","0","","","0.00","4","","","0.00","2","","","0.00","2","","","0.00"
"322","Keleki Latu","BUF","TE","1","2025","4","0.25","1.00","0.35","2","","","0.00","2","0.50","2.00","0.70","3","","","0.00","1","1.00","4.00","1.40"
"323","Dylan Drummond","ATL","WR","2","2025","4","","","0.00","2","","","0.00","2","","","0.00","2","","","0.00","2","","","0.00"
"324","Carter Runyon","LV","TE","4","2025","3","0.33","1.00","0.43","0","","","0.00","2","0.50","1.50","0.65","1","1.00","3.00","1.30","2","","","0.00"
"325","Jahdae Walker","CHI","WR","3","2025","3","","","0.00","2","","","0.00","1","","","0.00","3","","","0.00","0","","","0.00"
"326","Brandon Smith","NYJ","WR","1","2025","3","","","0.00","2","","","0.00","1","","","0.00","3","","","0.00","0","","","0.00"
"327","Cameron Latu","PHI","TE","9","2025","3","","","0.00","1","","","0.00","2","","","0.00","3","","","0.00","0","","","0.00"
"328","Nick Kallerup","SEA","TE","3","2025","3","0.33","","0.00","2","0.50","","0.00","1","","","0.00","2","0.50","","0.00","1","","","0.00"
"329","Treyton Welch","NO","TE","1","2025","3","","","0.00","2","","","0.00","1","","","0.00","2","","","0.00","1","","","0.00"
"330","Mecole Hardman","BUF","WR","1","2025","2","0.50","","0.00","0","","","0.00","2","0.50","","0.00","1","","","0.00","1","1.00","","0.00"
"331","Ja'Corey Brooks","WAS","WR","1","2025","2","","","0.00","1","","","0.00","1","","","0.00","2","","","0.00","0","","","0.00"
"332","Marcedes Lewis","DEN","TE","3","2025","2","","","0.00","0","","","0.00","2","","","0.00","1","","","0.00","1","","","0.00"
"333","Charlie Jones","CIN","WR","10","2025","2","","","0.00","0","","","0.00","2","","","0.00","0","","","0.00","2","","","0.00"
"334","Jacoby Jones","WAS","WR","1","2025","2","0.50","12.50","1.75","1","1.00","25.00","3.50","1","","","0.00","1","1.00","25.00","3.50","1","","","0.00"
"335","Xavier Gipson","PHI, NYJ","WR","5","2025","2","0.50","1.50","0.65","2","0.50","1.50","0.65","0","","","0.00","2","0.50","1.50","0.65","0","","","0.00"
"336","Hayden Rucci","MIA","TE","4","2025","2","","","0.00","0","","","0.00","2","","","0.00","0","","","0.00","2","","","0.00"
"337","Shedrick Jackson","LV","WR","1","2025","2","","","0.00","0","","","0.00","2","","","0.00","1","","","0.00","1","","","0.00"
"338","Pharaoh Brown","ARZ","TE","1","2025","2","","","0.00","0","","","0.00","2","","","0.00","1","","","0.00","1","","","0.00"
"339","Shane Zylstra","DET","TE","1","2025","1","","","0.00","0","","","0.00","1","","","0.00","1","","","0.00","0","","","0.00"
"340","Myles Price","MIN","WR","10","2025","1","","","0.00","1","","","0.00","0","","","0.00","1","","","0.00","0","","","0.00"
"341","Jalen Cropper","DAL","WR","3","2025","1","","","0.00","0","","","0.00","1","","","0.00","0","","","0.00","1","","","0.00"
"342","Ko Kieft","TB","TE","3","2025","1","","","0.00","0","","","0.00","1","","","0.00","0","","","0.00","1","","","0.00"

"Rank","Rank, Most to Least"
"Name","Full name of the player or team"
"Team","Team(s) played for"
"POS","Player Position"
"G","Games Played"
"RTE","Routes Run"
"TPRR","Targets per Route Run"
"YPRR","Yards per Route Run"
"FP/RR","Fantasy Points per Route Run"
"RTE","Routes Run"
"TPRR","Targets per Route Run"
"YPRR","Yards per Route Run"
"FP/RR","Fantasy Points per Route Run"
"RTE","Routes Run"
"TPRR","Targets per Route Run"
"YPRR","Yards per Route Run"
"FP/RR","Fantasy Points per Route Run"
"RTE","Routes Run"
"TPRR","Targets per Route Run"
"YPRR","Yards per Route Run"
"FP/RR","Fantasy Points per Route Run"
"RTE","Routes Run"
"TPRR","Targets per Route Run"
"YPRR","Yards per Route Run"
"FP/RR","Fantasy Points per Route Run"